Time,Channel A,Channel B
(us),(V),(V)

-96.96000052,-0.03912473,-0.34311960
-96.88000052,-0.05658132,-0.36069830
-96.80000052,-0.07403790,-0.38706620
-96.72000052,-0.09149449,-0.39585560
-96.64000052,-0.10895110,-0.41343420
-96.56000052,-0.11767940,-0.42222360
-96.48000052,-0.13513600,-0.43101290
-96.40000052,-0.14386430,-0.43977170
-96.32000052,-0.16132080,-0.45735040
-96.24000052,-0.17874690,-0.46613970
-96.16000052,-0.19620350,-0.47492900
-96.08000052,-0.20493180,-0.48371840
-96.00000053,-0.23111670,-0.49250770
-95.92000053,-0.23984500,-0.50129710
-95.84000053,-0.24857330,-0.50129710
-95.76000053,-0.26602980,-0.50129710
-95.68000053,-0.27475810,-0.51008640
-95.60000053,-0.28348640,-0.51887570
-95.52000053,-0.30094300,-0.51887570
-95.44000053,-0.30094300,-0.51887570
-95.36000053,-0.31839960,-0.51887570
-95.28000053,-0.32712790,-0.52766500
-95.20000053,-0.33585620,-0.52766500
-95.12000053,-0.34458450,-0.52766500
-95.04000053,-0.35331280,-0.52766500
-94.96000053,-0.36201060,-0.51887570
-94.88000053,-0.37073890,-0.51887570
-94.80000053,-0.37073890,-0.51008640
-94.72000053,-0.37946720,-0.50129710
-94.64000053,-0.38819550,-0.50129710
-94.56000053,-0.38819550,-0.50129710
-94.48000053,-0.38819550,-0.49250770
-94.40000053,-0.39692370,-0.49250770
-94.32000054,-0.39692370,-0.48371840
-94.24000054,-0.40565200,-0.46613970
-94.16000054,-0.40565200,-0.45735040
-94.08000054,-0.40565200,-0.43977170
-94.00000054,-0.40565200,-0.43101290
-93.92000054,-0.40565200,-0.42222360
-93.84000054,-0.40565200,-0.40464490
-93.76000054,-0.40565200,-0.39585560
-93.68000054,-0.39692370,-0.37827690
-93.60000054,-0.38819550,-0.35190890
-93.52000054,-0.38819550,-0.33433030
-93.44000054,-0.38819550,-0.31675160
-93.36000054,-0.37946720,-0.29917290
-93.28000054,-0.37073890,-0.29041410
-93.20000054,-0.37073890,-0.28162480
-93.12000054,-0.36201060,-0.26404610
-93.04000054,-0.35331280,-0.24646750
-92.96000054,-0.34458450,-0.22009950
-92.88000054,-0.33585620,-0.20252080
-92.80000054,-0.32712790,-0.18494220
-92.72000054,-0.31839960,-0.16736350
-92.64000055,-0.30967130,-0.14981540
-92.56000055,-0.30094300,-0.12344740
-92.48000055,-0.29221470,-0.11465800
-92.40000055,-0.28348640,-0.08829005
-92.32000055,-0.26602980,-0.07071139
-92.24000055,-0.24857330,-0.04434339
-92.16000055,-0.24857330,-0.02676473
-92.08000055,-0.23111670,-0.00045778
-92.00000055,-0.21366010,0.01712088
-91.92000055,-0.20493180,0.02591021
-91.84000055,-0.19620350,0.05227821
-91.76000055,-0.17874690,0.06106754
-91.68000055,-0.16132080,0.09622486
-91.60000055,-0.14386430,0.11380350
-91.52000055,-0.12640770,0.13138220
-91.44000055,-0.11767940,0.16650900
-91.36000055,-0.10022280,0.17529830
-91.28000055,-0.09149449,0.20166630
-91.20000055,-0.07403790,0.21045560
-91.12000055,-0.05658132,0.22803430
-91.04000056,-0.03912473,0.25440230
-90.96000056,-0.02166814,0.27198090
-90.88000056,-0.00421155,0.29831840
-90.80000056,0.01321451,0.31589710
-90.72000056,0.03064058,0.33347570
-90.64000056,0.03936888,0.34226510
-90.56000056,0.05682547,0.35984370
-90.48000056,0.07428205,0.37742240
-90.40000056,0.09173864,0.38621170
-90.32000056,0.10046690,0.41257970
-90.24000056,0.11792350,0.42133850
-90.16000056,0.13538010,0.43891720
-90.08000056,0.15283670,0.45649590
-90.00000056,0.16156500,0.46528520
-89.92000056,0.18774990,0.47407450
-89.84000056,0.19647820,0.48286380
-89.76000056,0.20517590,0.49165320
-89.68000056,0.22263250,0.50923190
-89.60000056,0.24008910,0.51802120
-89.52000056,0.25754570,0.51802120
-89.44000056,0.26627400,0.52681050
-89.36000057,0.27500230,0.53559980
-89.28000057,0.29245890,0.54438920
-89.20000057,0.30118720,0.54438920
-89.12000057,0.30991550,0.54438920
-89.04000057,0.32737200,0.55317850
-88.96000057,0.32737200,0.55317850
-88.88000057,0.34482860,0.55317850
-88.80000057,0.36228520,0.55317850
-88.72000057,0.36228520,0.55317850
-88.64000057,0.37101350,0.55317850
-88.56000057,0.37974180,0.55317850
-88.48000057,0.37974180,0.52681050
-88.40000057,0.39716790,0.52681050
-88.32000057,0.39716790,0.52681050
-88.24000057,0.39716790,0.51802120
-88.16000057,0.40589620,0.51802120
-88.08000057,0.40589620,0.50923190
-88.00000057,0.41462450,0.50044250
-87.92000057,0.41462450,0.49165320
-87.84000057,0.41462450,0.48286380
-87.76000058,0.42335280,0.46528520
-87.68000058,0.41462450,0.45649590
-87.60000058,0.41462450,0.43891720
-87.52000058,0.41462450,0.42133850
-87.44000058,0.41462450,0.41257970
-87.36000058,0.41462450,0.40379040
-87.28000058,0.41462450,0.38621170
-87.20000058,0.39716790,0.35984370
-87.12000058,0.39716790,0.34226510
-87.04000058,0.39716790,0.31589710
-86.96000058,0.38843960,0.29831840
-86.88000058,0.37974180,0.27198090
-86.80000058,0.37974180,0.26319160
-86.72000058,0.36228520,0.24561300
-86.64000058,0.36228520,0.23682360
-86.56000058,0.34482860,0.21045560
-86.48000058,0.33610030,0.17529830
-86.40000058,0.32737200,0.14893030
-86.32000058,0.30991550,0.13138220
-86.24000058,0.30991550,0.10501420
-86.16000058,0.29245890,0.09622486
-86.08000059,0.28373060,0.06985687
-86.00000059,0.26627400,0.06106754
-85.92000059,0.25754570,0.02591021
-85.84000059,0.24008910,-0.00045778
-85.76000059,0.22263250,-0.02676473
-85.68000059,0.21390420,-0.05313272
-85.60000059,0.19647820,-0.07950072
-85.52000059,0.17902160,-0.09707938
-85.44000059,0.17029330,-0.10586870
-85.36000059,0.15283670,-0.11465800
-85.28000059,0.13538010,-0.14981540
-85.20000059,0.11792350,-0.17615280
-85.12000059,0.10046690,-0.20252080
-85.04000059,0.08301035,-0.22009950
-84.96000059,0.06555375,-0.24646750
-84.88000059,0.04809717,-0.25525680
-84.80000059,0.03064058,-0.27283550
-84.72000059,0.01321451,-0.29041410
-84.64000059,-0.00421155,-0.31675160
-84.56000059,-0.02166814,-0.33433030
-84.48000060,-0.03912473,-0.36069830
-84.40000060,-0.05658132,-0.36948760
-84.32000060,-0.07403790,-0.38706620
-84.24000060,-0.08276620,-0.39585560
-84.16000060,-0.09149449,-0.40464490
-84.08000060,-0.11767940,-0.41343420
-84.00000060,-0.12640770,-0.43101290
-83.92000060,-0.14386430,-0.44856100
-83.84000060,-0.16132080,-0.45735040
-83.76000060,-0.17874690,-0.46613970
-83.68000060,-0.19620350,-0.48371840
-83.60000060,-0.20493180,-0.48371840
-83.52000060,-0.22238840,-0.49250770
-83.44000060,-0.23111670,-0.50129710
-83.36000060,-0.24857330,-0.50129710
-83.28000060,-0.25730150,-0.51008640
-83.20000060,-0.27475810,-0.51008640
-83.12000060,-0.28348640,-0.51887570
-83.04000060,-0.30094300,-0.52766500
-82.96000060,-0.30967130,-0.52766500
-82.88000060,-0.31839960,-0.52766500
-82.80000061,-0.32712790,-0.52766500
-82.72000061,-0.33585620,-0.52766500
-82.64000061,-0.34458450,-0.52766500
-82.56000061,-0.35331280,-0.52766500
-82.48000061,-0.36201060,-0.52766500
-82.40000061,-0.37073890,-0.51887570
-82.32000061,-0.37073890,-0.51887570
-82.24000061,-0.37946720,-0.51008640
-82.16000061,-0.38819550,-0.51008640
-82.08000061,-0.38819550,-0.50129710
-82.00000061,-0.38819550,-0.49250770
-81.92000061,-0.39692370,-0.48371840
-81.84000061,-0.39692370,-0.46613970
-81.76000061,-0.40565200,-0.45735040
-81.68000061,-0.40565200,-0.45735040
-81.60000061,-0.40565200,-0.43977170
-81.52000061,-0.40565200,-0.43101290
-81.44000061,-0.40565200,-0.43101290
-81.36000061,-0.40565200,-0.41343420
-81.28000061,-0.40565200,-0.39585560
-81.20000061,-0.39692370,-0.37827690
-81.12000062,-0.39692370,-0.36069830
-81.04000062,-0.39692370,-0.35190890
-80.96000062,-0.38819550,-0.33433030
-80.88000062,-0.38819550,-0.32554090
-80.80000062,-0.37073890,-0.30796230
-80.72000062,-0.37073890,-0.28162480
-80.64000062,-0.37073890,-0.25525680
-80.56000062,-0.35331280,-0.23767820
-80.48000062,-0.35331280,-0.22009950
-80.40000062,-0.34458450,-0.21131020
-80.32000062,-0.33585620,-0.18494220
-80.24000062,-0.31839960,-0.17615280
-80.16000062,-0.31839960,-0.14981540
-80.08000062,-0.30094300,-0.13223670
-80.00000062,-0.29221470,-0.10586870
-79.92000062,-0.28348640,-0.07950072
-79.84000062,-0.26602980,-0.06192205
-79.76000062,-0.25730150,-0.04434339
-79.68000062,-0.24857330,-0.02676473
-79.60000062,-0.23111670,-0.00921659
-79.52000063,-0.22238840,-0.00045778
-79.44000063,-0.20493180,0.02591021
-79.36000063,-0.19620350,0.06106754
-79.28000063,-0.17874690,0.06985687
-79.20000063,-0.16132080,0.09622486
-79.12000063,-0.14386430,0.11380350
-79.04000063,-0.14386430,0.13138220
-78.96000063,-0.11767940,0.14893030
-78.88000063,-0.10895110,0.16650900
-78.80000063,-0.09149449,0.18408760
-78.72000063,-0.07403790,0.20166630
-78.64000063,-0.05658132,0.23682360
-78.56000063,-0.03912473,0.24561300
-78.48000063,-0.02166814,0.27198090
-78.40000063,-0.00421155,0.28073980
-78.32000063,0.00451674,0.30710770
-78.24000063,0.02191229,0.31589710
-78.16000063,0.03936888,0.34226510
-78.08000063,0.04809717,0.35984370
-78.00000063,0.06555375,0.37742240
-77.92000063,0.08301035,0.38621170
-77.84000064,0.10046690,0.40379040
-77.76000064,0.11792350,0.42133850
-77.68000064,0.13538010,0.43012790
-77.60000064,0.14410840,0.44770650
-77.52000064,0.16156500,0.45649590
-77.44000064,0.17902160,0.46528520
-77.36000064,0.18774990,0.48286380
-77.28000064,0.20517590,0.49165320
-77.20000064,0.22263250,0.50923190
-77.12000064,0.24008910,0.51802120
-77.04000064,0.25754570,0.51802120
-76.96000064,0.25754570,0.52681050
-76.88000064,0.27500230,0.52681050
-76.80000064,0.29245890,0.53559980
-76.72000064,0.29245890,0.54438920
-76.64000064,0.30991550,0.54438920
-76.56000064,0.31864370,0.55317850
-76.48000064,0.32737200,0.55317850
-76.40000064,0.34482860,0.55317850
-76.32000064,0.35355690,0.55317850
-76.24000065,0.36228520,0.54438920
-76.16000065,0.37101350,0.54438920
-76.08000065,0.37974180,0.53559980
-76.00000065,0.38843960,0.54438920
-75.92000065,0.39716790,0.52681050
-75.84000065,0.39716790,0.52681050
-75.76000065,0.39716790,0.52681050
-75.68000065,0.40589620,0.52681050
-75.60000065,0.40589620,0.51802120
-75.52000065,0.41462450,0.50044250
-75.44000065,0.41462450,0.48286380
-75.36000065,0.41462450,0.48286380
-75.28000065,0.41462450,0.45649590
-75.20000065,0.41462450,0.45649590
-75.12000065,0.41462450,0.44770650
-75.04000065,0.41462450,0.43891720
-74.96000065,0.41462450,0.42133850
-74.88000065,0.41462450,0.40379040
-74.80000065,0.41462450,0.38621170
-74.72000065,0.40589620,0.36863310
-74.64000065,0.39716790,0.35105440
-74.56000066,0.39716790,0.33347570
-74.48000066,0.39716790,0.31589710
-74.40000066,0.38843960,0.30710770
-74.32000066,0.37974180,0.27198090
-74.24000066,0.37101350,0.23682360
-74.16000066,0.36228520,0.21924500
-74.08000066,0.35355690,0.19287700
-74.00000066,0.34482860,0.16650900
-73.92000066,0.32737200,0.14893030
-73.84000066,0.31864370,0.13138220
-73.76000066,0.30991550,0.12259290
-73.68000066,0.29245890,0.09622486
-73.60000066,0.27500230,0.06985687
-73.52000066,0.26627400,0.04348888
-73.44000066,0.25754570,0.01712088
-73.36000066,0.24008910,-0.00921659
-73.28000066,0.22263250,-0.01797540
-73.20000066,0.20517590,-0.03555406
-73.12000066,0.20517590,-0.04434339
-73.04000066,0.18774990,-0.07071139
-72.96000067,0.17029330,-0.09707938
-72.88000067,0.15283670,-0.12344740
-72.80000067,0.13538010,-0.14981540
-72.72000067,0.11792350,-0.17615280
-72.64000067,0.10046690,-0.19373150
-72.56000067,0.09173864,-0.21131020
-72.48000067,0.07428205,-0.22009950
-72.40000067,0.04809717,-0.23767820
-72.32000067,0.03064058,-0.26404610
-72.24000067,0.02191229,-0.29041410
-72.16000067,0.00451674,-0.30796230
-72.08000067,-0.00421155,-0.32554090
-72.00000067,-0.02166814,-0.34311960
-71.92000067,-0.03912473,-0.36069830
-71.84000067,-0.05658132,-0.36069830
-71.76000067,-0.07403790,-0.37827690
-71.68000067,-0.09149449,-0.39585560
-71.60000067,-0.10895110,-0.40464490
-71.52000067,-0.12640770,-0.42222360
-71.44000067,-0.14386430,-0.43101290
-71.36000067,-0.15259250,-0.44856100
-71.28000068,-0.17004910,-0.45735040
-71.20000068,-0.17874690,-0.46613970
-71.12000068,-0.19620350,-0.48371840
-71.04000068,-0.21366010,-0.50129710
-70.96000068,-0.23111670,-0.50129710
-70.88000068,-0.24857330,-0.51008640
-70.80000068,-0.25730150,-0.51008640
-70.72000068,-0.26602980,-0.52766500
-70.64000068,-0.28348640,-0.52766500
-70.56000068,-0.29221470,-0.52766500
-70.48000068,-0.30094300,-0.52766500
-70.40000068,-0.30967130,-0.52766500
-70.32000068,-0.31839960,-0.52766500
-70.24000068,-0.33585620,-0.52766500
-70.16000068,-0.33585620,-0.52766500
-70.08000068,-0.35331280,-0.51887570
-70.00000068,-0.35331280,-0.51887570
-69.92000068,-0.37073890,-0.51887570
-69.84000068,-0.37073890,-0.51887570
-69.76000068,-0.37073890,-0.51008640
-69.68000068,-0.38819550,-0.50129710
-69.60000069,-0.38819550,-0.50129710
-69.52000069,-0.38819550,-0.49250770
-69.44000069,-0.38819550,-0.48371840
-69.36000069,-0.39692370,-0.47492900
-69.28000069,-0.40565200,-0.46613970
-69.20000069,-0.39692370,-0.45735040
-69.12000069,-0.40565200,-0.44856100
-69.04000069,-0.40565200,-0.43101290
-68.96000069,-0.40565200,-0.42222360
-68.88000069,-0.40565200,-0.39585560
-68.80000069,-0.39692370,-0.39585560
-68.72000069,-0.39692370,-0.37827690
-68.64000069,-0.39692370,-0.36948760
-68.56000069,-0.39692370,-0.36069830
-68.48000069,-0.38819550,-0.35190890
-68.40000069,-0.38819550,-0.32554090
-68.32000069,-0.37946720,-0.30796230
-68.24000069,-0.37073890,-0.29041410
-68.16000069,-0.37073890,-0.27283550
-68.08000069,-0.35331280,-0.25525680
-68.00000070,-0.35331280,-0.24646750
-67.92000070,-0.35331280,-0.22888880
-67.84000070,-0.33585620,-0.21131020
-67.76000070,-0.32712790,-0.18494220
-67.68000070,-0.31839960,-0.15857420
-67.60000070,-0.30094300,-0.13223670
-67.52000070,-0.30094300,-0.11465800
-67.44000070,-0.28348640,-0.09707938
-67.36000070,-0.27475810,-0.07950072
-67.28000070,-0.26602980,-0.06192205
-67.20000070,-0.24857330,-0.04434339
-67.12000070,-0.23984500,-0.00921659
-67.04000070,-0.22238840,0.00833155
-66.96000070,-0.21366010,0.02591021
-66.88000070,-0.19620350,0.05227821
-66.80000070,-0.17874690,0.06985687
-66.72000070,-0.17004910,0.08743553
-66.64000070,-0.16132080,0.09622486
-66.56000070,-0.14386430,0.12259290
-66.48000070,-0.12640770,0.14893030
-66.40000070,-0.10895110,0.16650900
-66.32000071,-0.09149449,0.19287700
-66.24000071,-0.07403790,0.21045560
-66.16000071,-0.06530961,0.23682360
-66.08000071,-0.04785302,0.24561300
-66.00000071,-0.03039644,0.25440230
-65.92000071,-0.01293985,0.27198090
-65.84000071,0.00451674,0.28952910
-65.76000071,0.01321451,0.31589710
-65.68000071,0.03064058,0.33347570
-65.60000071,0.04809717,0.34226510
-65.52000071,0.06555375,0.36863310
-65.44000071,0.08301035,0.37742240
-65.36000071,0.09173864,0.39500110
-65.28000071,0.10919520,0.41257970
-65.20000071,0.12665180,0.42133850
-65.12000071,0.13538010,0.43891720
-65.04000071,0.15283670,0.44770650
-64.96000071,0.17029330,0.46528520
-64.88000071,0.18774990,0.48286380
-64.80000071,0.20517590,0.48286380
-64.72000072,0.21390420,0.49165320
-64.64000072,0.23136080,0.51802120
-64.56000072,0.24008910,0.51802120
-64.48000072,0.25754570,0.52681050
-64.40000072,0.27500230,0.53559980
-64.32000072,0.27500230,0.54438920
-64.24000072,0.29245890,0.54438920
-64.16000072,0.30991550,0.55317850
-64.08000072,0.31864370,0.55317850
-64.00000072,0.32737200,0.55317850
-63.92000072,0.34482860,0.55317850
-63.84000072,0.34482860,0.55317850
-63.76000072,0.36228520,0.55317850
-63.68000072,0.36228520,0.55317850
-63.60000072,0.37974180,0.55317850
-63.52000072,0.37974180,0.55317850
-63.44000072,0.39716790,0.55317850
-63.36000072,0.39716790,0.53559980
-63.28000072,0.39716790,0.52681050
-63.20000072,0.40589620,0.51802120
-63.12000072,0.41462450,0.50923190
-63.04000073,0.41462450,0.50044250
-62.96000073,0.41462450,0.49165320
-62.88000073,0.41462450,0.48286380
-62.80000073,0.41462450,0.48286380
-62.72000073,0.41462450,0.46528520
-62.64000073,0.41462450,0.44770650
-62.56000073,0.41462450,0.43012790
-62.48000073,0.41462450,0.41257970
-62.40000073,0.41462450,0.39500110
-62.32000073,0.41462450,0.37742240
-62.24000073,0.41462450,0.36863310
-62.16000073,0.40589620,0.35984370
-62.08000073,0.39716790,0.34226510
-62.00000073,0.39716790,0.31589710
-61.92000073,0.38843960,0.29831840
-61.84000073,0.37974180,0.27198090
-61.76000073,0.37101350,0.24561300
-61.68000073,0.36228520,0.22803430
-61.60000073,0.36228520,0.21045560
-61.52000073,0.34482860,0.20166630
-61.44000074,0.33610030,0.17529830
-61.36000074,0.31864370,0.14014100
-61.28000074,0.30991550,0.11380350
-61.20000074,0.29245890,0.08743553
-61.12000074,0.28373060,0.06106754
-61.04000074,0.27500230,0.04348888
-60.96000074,0.25754570,0.02591021
-60.88000074,0.24881740,0.00833155
-60.80000074,0.23136080,-0.00921659
-60.72000074,0.21390420,-0.03555406
-60.64000074,0.20517590,-0.06192205
-60.56000074,0.18774990,-0.08829005
-60.48000074,0.17029330,-0.11465800
-60.40000074,0.15283670,-0.13223670
-60.32000074,0.13538010,-0.14981540
-60.24000074,0.12665180,-0.15857420
-60.16000074,0.10046690,-0.17615280
-60.08000074,0.09173864,-0.21131020
-60.00000074,0.07428205,-0.22888880
-59.92000074,0.04809717,-0.25525680
-59.84000074,0.03936888,-0.28162480
-59.76000075,0.03064058,-0.29041410
-59.68000075,0.01321451,-0.30796230
-59.60000075,-0.01293985,-0.31675160
-59.52000075,-0.02166814,-0.32554090
-59.44000075,-0.03912473,-0.35190890
-59.36000075,-0.05658132,-0.36069830
-59.28000075,-0.07403790,-0.38706620
-59.20000075,-0.09149449,-0.39585560
-59.12000075,-0.10895110,-0.41343420
-59.04000075,-0.12640770,-0.43101290
-58.96000075,-0.13513600,-0.43101290
-58.88000075,-0.15259250,-0.43977170
-58.80000075,-0.17004910,-0.45735040
-58.72000075,-0.18747520,-0.46613970
-58.64000075,-0.19620350,-0.48371840
-58.56000075,-0.21366010,-0.49250770
-58.48000075,-0.23111670,-0.50129710
-58.40000075,-0.23984500,-0.50129710
-58.32000075,-0.24857330,-0.51008640
-58.24000075,-0.26602980,-0.51008640
-58.16000075,-0.28348640,-0.51887570
-58.08000076,-0.29221470,-0.51887570
-58.00000076,-0.30094300,-0.52766500
-57.92000076,-0.31839960,-0.52766500
-57.84000076,-0.31839960,-0.52766500
-57.76000076,-0.32712790,-0.52766500
-57.68000076,-0.33585620,-0.52766500
-57.60000076,-0.35331280,-0.52766500
-57.52000076,-0.36201060,-0.52766500
-57.44000076,-0.36201060,-0.51887570
-57.36000076,-0.37073890,-0.51887570
-57.28000076,-0.37073890,-0.51008640
-57.20000076,-0.38819550,-0.50129710
-57.12000076,-0.38819550,-0.50129710
-57.04000076,-0.38819550,-0.50129710
-56.96000076,-0.39692370,-0.49250770
-56.88000076,-0.40565200,-0.48371840
-56.80000076,-0.40565200,-0.46613970
-56.72000076,-0.40565200,-0.45735040
-56.64000076,-0.40565200,-0.44856100
-56.56000076,-0.39692370,-0.43101290
-56.48000077,-0.40565200,-0.42222360
-56.40000077,-0.40565200,-0.41343420
-56.32000077,-0.40565200,-0.40464490
-56.24000077,-0.40565200,-0.38706620
-56.16000077,-0.39692370,-0.36948760
-56.08000077,-0.38819550,-0.35190890
-56.00000077,-0.38819550,-0.33433030
-55.92000077,-0.38819550,-0.31675160
-55.84000077,-0.37946720,-0.29917290
-55.76000077,-0.37073890,-0.29041410
-55.68000077,-0.37073890,-0.28162480
-55.60000077,-0.36201060,-0.26404610
-55.52000077,-0.35331280,-0.24646750
-55.44000077,-0.35331280,-0.22009950
-55.36000077,-0.33585620,-0.20252080
-55.28000077,-0.32712790,-0.18494220
-55.20000077,-0.31839960,-0.16736350
-55.12000077,-0.30967130,-0.14981540
-55.04000077,-0.30094300,-0.13223670
-54.96000077,-0.28348640,-0.11465800
-54.88000077,-0.28348640,-0.08829005
-54.80000078,-0.26602980,-0.06192205
-54.72000078,-0.25730150,-0.04434339
-54.64000078,-0.24857330,-0.01797540
-54.56000078,-0.23111670,-0.00045778
-54.48000078,-0.21366010,0.01712088
-54.40000078,-0.20493180,0.03469954
-54.32000078,-0.19620350,0.05227821
-54.24000078,-0.17004910,0.07864620
-54.16000078,-0.16132080,0.09622486
-54.08000078,-0.14386430,0.13138220
-54.00000078,-0.12640770,0.14893030
-53.92000078,-0.11767940,0.16650900
-53.84000078,-0.10022280,0.18408760
-53.76000078,-0.08276620,0.20166630
-53.68000078,-0.06530961,0.21924500
-53.60000078,-0.04785302,0.23682360
-53.52000078,-0.03912473,0.26319160
-53.44000078,-0.02166814,0.28073980
-53.36000078,-0.00421155,0.30710770
-53.28000078,0.01321451,0.31589710
-53.20000079,0.03064058,0.33347570
-53.12000079,0.04809717,0.35105440
-53.04000079,0.06555375,0.35984370
-52.96000079,0.08301035,0.37742240
-52.88000079,0.10046690,0.39500110
-52.80000079,0.10919520,0.41257970
-52.72000079,0.11792350,0.43012790
-52.64000079,0.13538010,0.44770650
-52.56000079,0.15283670,0.45649590
-52.48000079,0.17029330,0.46528520
-52.40000079,0.17902160,0.47407450
-52.32000079,0.20517590,0.48286380
-52.24000079,0.20517590,0.50044250
-52.16000079,0.23136080,0.50923190
-52.08000079,0.24008910,0.51802120
-52.00000079,0.25754570,0.51802120
-51.92000079,0.26627400,0.52681050
-51.84000079,0.27500230,0.53559980
-51.76000079,0.29245890,0.54438920
-51.68000079,0.30991550,0.53559980
-51.60000079,0.30991550,0.54438920
-51.52000080,0.32737200,0.55317850
-51.44000080,0.33610030,0.55317850
-51.36000080,0.35355690,0.55317850
-51.28000080,0.36228520,0.55317850
-51.20000080,0.36228520,0.55317850
-51.12000080,0.37974180,0.55317850
-51.04000080,0.37974180,0.53559980
-50.96000080,0.38843960,0.53559980
-50.88000080,0.39716790,0.52681050
-50.80000080,0.39716790,0.52681050
-50.72000080,0.40589620,0.51802120
-50.64000080,0.40589620,0.51802120
-50.56000080,0.41462450,0.50923190
-50.48000080,0.41462450,0.50044250
-50.40000080,0.41462450,0.48286380
-50.32000080,0.41462450,0.47407450
-50.24000080,0.41462450,0.45649590
-50.16000080,0.41462450,0.44770650
-50.08000080,0.41462450,0.43012790
-50.00000080,0.41462450,0.41257970
-49.92000081,0.41462450,0.41257970
-49.84000081,0.41462450,0.40379040
-49.76000081,0.41462450,0.37742240
-49.68000081,0.39716790,0.35984370
-49.60000081,0.39716790,0.34226510
-49.52000081,0.39716790,0.31589710
-49.44000081,0.39716790,0.28952910
-49.36000081,0.37974180,0.27198090
-49.28000081,0.37974180,0.26319160
-49.20000081,0.36228520,0.24561300
-49.12000081,0.35355690,0.22803430
-49.04000081,0.34482860,0.20166630
-48.96000081,0.33610030,0.16650900
-48.88000081,0.32737200,0.14014100
-48.80000081,0.30991550,0.12259290
-48.72000081,0.30991550,0.10501420
-48.64000081,0.29245890,0.08743553
-48.56000081,0.27500230,0.06985687
-48.48000081,0.25754570,0.04348888
-48.40000081,0.25754570,0.00833155
-48.32000081,0.24008910,-0.01797540
-48.24000082,0.22263250,-0.04434339
-48.16000082,0.20517590,-0.06192205
-48.08000082,0.18774990,-0.07950072
-48.00000082,0.17902160,-0.09707938
-47.92000082,0.15283670,-0.10586870
-47.84000082,0.14410840,-0.13223670
-47.76000082,0.12665180,-0.16736350
-47.68000082,0.10919520,-0.18494220
-47.60000082,0.10046690,-0.22009950
-47.52000082,0.07428205,-0.23767820
-47.44000082,0.06555375,-0.25525680
-47.36000082,0.04809717,-0.26404610
-47.28000082,0.03064058,-0.27283550
-47.20000082,0.01321451,-0.29041410
-47.12000082,-0.00421155,-0.31675160
-47.04000082,-0.02166814,-0.33433030
-46.96000082,-0.03912473,-0.36069830
-46.88000082,-0.05658132,-0.36948760
-46.80000082,-0.07403790,-0.38706620
-46.72000082,-0.09149449,-0.39585560
-46.64000082,-0.10895110,-0.39585560
-46.56000083,-0.12640770,-0.41343420
-46.48000083,-0.13513600,-0.43101290
-46.40000083,-0.15259250,-0.44856100
-46.32000083,-0.16132080,-0.45735040
-46.24000083,-0.17874690,-0.46613970
-46.16000083,-0.19620350,-0.47492900
-46.08000083,-0.21366010,-0.48371840
-46.00000083,-0.22238840,-0.49250770
-45.92000083,-0.23984500,-0.50129710
-45.84000083,-0.24857330,-0.51008640
-45.76000083,-0.26602980,-0.51008640
-45.68000083,-0.28348640,-0.51887570
-45.60000083,-0.28348640,-0.52766500
-45.52000083,-0.30094300,-0.52766500
-45.44000083,-0.30967130,-0.52766500
-45.36000083,-0.31839960,-0.52766500
-45.28000083,-0.32712790,-0.52766500
-45.20000083,-0.33585620,-0.53645440
-45.12000083,-0.35331280,-0.52766500
-45.04000083,-0.35331280,-0.52766500
-44.96000084,-0.36201060,-0.52766500
-44.88000084,-0.37073890,-0.51887570
-44.80000084,-0.37073890,-0.51887570
-44.72000084,-0.38819550,-0.51008640
-44.64000084,-0.38819550,-0.50129710
-44.56000084,-0.38819550,-0.50129710
-44.48000084,-0.38819550,-0.48371840
-44.40000084,-0.39692370,-0.47492900
-44.32000084,-0.39692370,-0.46613970
-44.24000084,-0.40565200,-0.46613970
-44.16000084,-0.40565200,-0.45735040
-44.08000084,-0.40565200,-0.43977170
-44.00000084,-0.40565200,-0.43101290
-43.92000084,-0.40565200,-0.42222360
-43.84000084,-0.39692370,-0.39585560
-43.76000084,-0.40565200,-0.38706620
-43.68000084,-0.40565200,-0.37827690
-43.60000084,-0.38819550,-0.36069830
-43.52000084,-0.38819550,-0.34311960
-43.44000084,-0.38819550,-0.33433030
-43.36000084,-0.38819550,-0.32554090
-43.28000085,-0.37946720,-0.29917290
-43.20000085,-0.37073890,-0.28162480
-43.12000085,-0.36201060,-0.25525680
-43.04000085,-0.35331280,-0.23767820
-42.96000085,-0.35331280,-0.22009950
-42.88000085,-0.33585620,-0.21131020
-42.80000085,-0.33585620,-0.18494220
-42.72000085,-0.31839960,-0.17615280
-42.64000085,-0.30967130,-0.14981540
-42.56000085,-0.30094300,-0.12344740
-42.48000085,-0.29221470,-0.10586870
-42.40000085,-0.28348640,-0.07950072
-42.32000085,-0.26602980,-0.06192205
-42.24000085,-0.25730150,-0.04434339
-42.16000085,-0.24857330,-0.02676473
-42.08000085,-0.23111670,-0.00921659
-42.00000085,-0.21366010,0.00833155
-41.92000085,-0.19620350,0.03469954
-41.84000085,-0.18747520,0.06106754
-41.76000085,-0.17874690,0.07864620
-41.68000086,-0.16132080,0.09622486
-41.60000086,-0.14386430,0.11380350
-41.52000086,-0.12640770,0.13138220
-41.44000086,-0.11767940,0.14014100
-41.36000086,-0.10022280,0.16650900
-41.28000086,-0.08276620,0.20166630
-41.20000086,-0.07403790,0.21924500
-41.12000086,-0.05658132,0.23682360
-41.04000086,-0.03912473,0.25440230
-40.96000086,-0.02166814,0.27198090
-40.88000086,-0.00421155,0.28952910
-40.80000086,0.01321451,0.30710770
-40.72000086,0.03064058,0.32468640
-40.64000086,0.04809717,0.34226510
-40.56000086,0.05682547,0.36863310
-40.48000086,0.07428205,0.37742240
-40.40000086,0.08301035,0.39500110
-40.32000086,0.10919520,0.41257970
-40.24000086,0.11792350,0.42133850
-40.16000086,0.13538010,0.43891720
-40.08000086,0.15283670,0.44770650
-40.00000087,0.17029330,0.45649590
-39.92000087,0.18774990,0.46528520
-39.84000087,0.19647820,0.48286380
-39.76000087,0.20517590,0.49165320
-39.68000087,0.22263250,0.50923190
-39.60000087,0.24008910,0.50923190
-39.52000087,0.25754570,0.51802120
-39.44000087,0.26627400,0.52681050
-39.36000087,0.27500230,0.53559980
-39.28000087,0.29245890,0.53559980
-39.20000087,0.30118720,0.54438920
-39.12000087,0.30991550,0.55317850
-39.04000087,0.32737200,0.55317850
-38.96000087,0.33610030,0.55317850
-38.88000087,0.34482860,0.55317850
-38.80000087,0.35355690,0.55317850
-38.72000087,0.36228520,0.54438920
-38.64000087,0.37101350,0.54438920
-38.56000087,0.37974180,0.54438920
-38.48000087,0.37974180,0.53559980
-38.40000088,0.39716790,0.52681050
-38.32000088,0.39716790,0.52681050
-38.24000088,0.39716790,0.52681050
-38.16000088,0.40589620,0.51802120
-38.08000088,0.41462450,0.50923190
-38.00000088,0.41462450,0.49165320
-37.92000088,0.41462450,0.48286380
-37.84000088,0.41462450,0.47407450
-37.76000088,0.41462450,0.46528520
-37.68000088,0.41462450,0.45649590
-37.60000088,0.41462450,0.44770650
-37.52000088,0.41462450,0.43891720
-37.44000088,0.41462450,0.41257970
-37.36000088,0.41462450,0.38621170
-37.28000088,0.41462450,0.37742240
-37.20000088,0.40589620,0.35105440
-37.12000088,0.39716790,0.34226510
-37.04000088,0.39716790,0.32468640
-36.96000088,0.39716790,0.31589710
-36.88000088,0.37974180,0.28952910
-36.80000088,0.37974180,0.26319160
-36.72000089,0.36228520,0.23682360
-36.64000089,0.36228520,0.21045560
-36.56000089,0.34482860,0.18408760
-36.48000089,0.34482860,0.16650900
-36.40000089,0.32737200,0.14893030
-36.32000089,0.30991550,0.14014100
-36.24000089,0.30118720,0.12259290
-36.16000089,0.29245890,0.09622486
-36.08000089,0.27500230,0.06106754
-36.00000089,0.26627400,0.03469954
-35.92000089,0.25754570,0.01712088
-35.84000089,0.24008910,-0.00921659
-35.76000089,0.22263250,-0.01797540
-35.68000089,0.21390420,-0.03555406
-35.60000089,0.19647820,-0.04434339
-35.52000089,0.17902160,-0.07950072
-35.44000089,0.16156500,-0.11465800
-35.36000089,0.15283670,-0.14102600
-35.28000089,0.13538010,-0.16736350
-35.20000089,0.11792350,-0.18494220
-35.12000090,0.10046690,-0.19373150
-35.04000090,0.08301035,-0.21131020
-34.96000090,0.06555375,-0.22009950
-34.88000090,0.04809717,-0.25525680
-34.80000090,0.03064058,-0.28162480
-34.72000090,0.01321451,-0.29041410
-34.64000090,0.00451674,-0.31675160
-34.56000090,-0.01293985,-0.32554090
-34.48000090,-0.03039644,-0.34311960
-34.40000090,-0.03912473,-0.36069830
-34.32000090,-0.06530961,-0.36069830
-34.24000090,-0.08276620,-0.38706620
-34.16000090,-0.10022280,-0.39585560
-34.08000090,-0.11767940,-0.42222360
-34.00000090,-0.12640770,-0.43101290
-33.92000090,-0.14386430,-0.44856100
-33.84000090,-0.16132080,-0.45735040
-33.76000090,-0.17004910,-0.46613970
-33.68000090,-0.19620350,-0.46613970
-33.60000090,-0.20493180,-0.49250770
-33.52000090,-0.22238840,-0.50129710
-33.44000091,-0.23111670,-0.51008640
-33.36000091,-0.24857330,-0.51008640
-33.28000091,-0.26602980,-0.51887570
-33.20000091,-0.26602980,-0.52766500
-33.12000091,-0.28348640,-0.52766500
-33.04000091,-0.30094300,-0.52766500
-32.96000091,-0.30094300,-0.52766500
-32.88000091,-0.31839960,-0.52766500
-32.80000091,-0.32712790,-0.52766500
-32.72000091,-0.33585620,-0.52766500
-32.64000091,-0.34458450,-0.52766500
-32.56000091,-0.35331280,-0.52766500
-32.48000091,-0.36201060,-0.52766500
-32.40000091,-0.37073890,-0.52766500
-32.32000091,-0.37073890,-0.51887570
-32.24000091,-0.37946720,-0.51008640
-32.16000091,-0.37946720,-0.50129710
-32.08000091,-0.38819550,-0.49250770
-32.00000091,-0.38819550,-0.49250770
-31.92000091,-0.39692370,-0.47492900
-31.84000091,-0.40565200,-0.47492900
-31.76000092,-0.40565200,-0.46613970
-31.68000092,-0.40565200,-0.45735040
-31.60000092,-0.40565200,-0.43977170
-31.52000092,-0.40565200,-0.43101290
-31.44000092,-0.40565200,-0.41343420
-31.36000092,-0.40565200,-0.39585560
-31.28000092,-0.40565200,-0.39585560
-31.20000092,-0.39692370,-0.38706620
-31.12000092,-0.39692370,-0.36948760
-31.04000092,-0.38819550,-0.36069830
-30.96000092,-0.38819550,-0.33433030
-30.88000092,-0.38819550,-0.31675160
-30.80000092,-0.37946720,-0.29917290
-30.72000092,-0.37073890,-0.28162480
-30.64000092,-0.37073890,-0.26404610
-30.56000092,-0.35331280,-0.24646750
-30.48000092,-0.35331280,-0.23767820
-30.40000092,-0.34458450,-0.22009950
-30.32000092,-0.33585620,-0.18494220
-30.24000092,-0.31839960,-0.17615280
-30.16000093,-0.31839960,-0.14981540
-30.08000093,-0.30094300,-0.12344740
-30.00000093,-0.29221470,-0.10586870
-29.92000093,-0.28348640,-0.08829005
-29.84000093,-0.27475810,-0.07950072
-29.76000093,-0.25730150,-0.05313272
-29.68000093,-0.24857330,-0.02676473
-29.60000093,-0.23111670,-0.00921659
-29.52000093,-0.21366010,0.01712088
-29.44000093,-0.20493180,0.03469954
-29.36000093,-0.19620350,0.06106754
-29.28000093,-0.17874690,0.06985687
-29.20000093,-0.16132080,0.08743553
-29.12000093,-0.14386430,0.10501420
-29.04000093,-0.12640770,0.13138220
-28.96000093,-0.11767940,0.15771970
-28.88000093,-0.10895110,0.17529830
-28.80000093,-0.09149449,0.20166630
-28.72000093,-0.07403790,0.21924500
-28.64000093,-0.05658132,0.23682360
-28.56000093,-0.03912473,0.24561300
-28.48000094,-0.02166814,0.26319160
-28.40000094,-0.00421155,0.28073980
-28.32000094,0.01321451,0.29831840
-28.24000094,0.02191229,0.32468640
-28.16000094,0.03064058,0.34226510
-28.08000094,0.05682547,0.35984370
-28.00000094,0.06555375,0.36863310
-27.92000094,0.08301035,0.38621170
-27.84000094,0.09173864,0.39500110
-27.76000094,0.11792350,0.41257970
-27.68000094,0.13538010,0.43012790
-27.60000094,0.15283670,0.44770650
-27.52000094,0.16156500,0.45649590
-27.44000094,0.17902160,0.47407450
-27.36000094,0.18774990,0.48286380
-27.28000094,0.20517590,0.50044250
-27.20000094,0.22263250,0.50923190
-27.12000094,0.24008910,0.51802120
-27.04000094,0.24881740,0.51802120
-26.96000094,0.25754570,0.52681050
-26.88000095,0.27500230,0.53559980
-26.80000095,0.29245890,0.54438920
-26.72000095,0.30118720,0.54438920
-26.64000095,0.30991550,0.55317850
-26.56000095,0.32737200,0.55317850
-26.48000095,0.32737200,0.55317850
-26.40000095,0.34482860,0.55317850
-26.32000095,0.35355690,0.55317850
-26.24000095,0.36228520,0.55317850
-26.16000095,0.37974180,0.55317850
-26.08000095,0.37974180,0.54438920
-26.00000095,0.38843960,0.55317850
-25.92000095,0.39716790,0.54438920
-25.84000095,0.39716790,0.52681050
-25.76000095,0.39716790,0.51802120
-25.68000095,0.41462450,0.51802120
-25.60000095,0.41462450,0.50044250
-25.52000095,0.41462450,0.50044250
-25.44000095,0.41462450,0.49165320
-25.36000095,0.42335280,0.48286380
-25.28000095,0.41462450,0.48286380
-25.20000096,0.41462450,0.45649590
-25.12000096,0.41462450,0.44770650
-25.04000096,0.41462450,0.42133850
-24.96000096,0.41462450,0.41257970
-24.88000096,0.41462450,0.39500110
-24.80000096,0.41462450,0.37742240
-24.72000096,0.41462450,0.37742240
-24.64000096,0.40589620,0.35984370
-24.56000096,0.39716790,0.32468640
-24.48000096,0.39716790,0.30710770
-24.40000096,0.38843960,0.28073980
-24.32000096,0.37974180,0.25440230
-24.24000096,0.37101350,0.23682360
-24.16000096,0.36228520,0.21924500
-24.08000096,0.35355690,0.20166630
-24.00000096,0.34482860,0.19287700
-23.92000096,0.32737200,0.15771970
-23.84000096,0.31864370,0.13138220
-23.76000096,0.30118720,0.10501420
-23.68000096,0.29245890,0.07864620
-23.60000097,0.27500230,0.06106754
-23.52000097,0.26627400,0.04348888
-23.44000097,0.25754570,0.02591021
-23.36000097,0.24008910,0.01712088
-23.28000097,0.22263250,-0.01797540
-23.20000097,0.21390420,-0.04434339
-23.12000097,0.19647820,-0.07071139
-23.04000097,0.18774990,-0.09707938
-22.96000097,0.17029330,-0.11465800
-22.88000097,0.15283670,-0.13223670
-22.80000097,0.13538010,-0.14981540
-22.72000097,0.11792350,-0.15857420
-22.64000097,0.10046690,-0.18494220
-22.56000097,0.08301035,-0.21131020
-22.48000097,0.06555375,-0.22888880
-22.40000097,0.04809717,-0.25525680
-22.32000097,0.03064058,-0.27283550
-22.24000097,0.02191229,-0.29041410
-22.16000097,0.01321451,-0.29917290
-22.08000097,-0.01293985,-0.30796230
-22.00000097,-0.02166814,-0.33433030
-21.92000098,-0.03912473,-0.35190890
-21.84000098,-0.06530961,-0.36948760
-21.76000098,-0.07403790,-0.39585560
-21.68000098,-0.09149449,-0.40464490
-21.60000098,-0.10895110,-0.41343420
-21.52000098,-0.12640770,-0.43101290
-21.44000098,-0.14386430,-0.43101290
-21.36000098,-0.16132080,-0.45735040
-21.28000098,-0.17874690,-0.46613970
-21.20000098,-0.19620350,-0.48371840
-21.12000098,-0.19620350,-0.49250770
-21.04000098,-0.22238840,-0.50129710
-20.96000098,-0.23111670,-0.50129710
-20.88000098,-0.24857330,-0.51008640
-20.80000098,-0.25730150,-0.51008640
-20.72000098,-0.26602980,-0.51887570
-20.64000098,-0.28348640,-0.51887570
-20.56000098,-0.30094300,-0.51887570
-20.48000098,-0.30094300,-0.52766500
-20.40000098,-0.31839960,-0.52766500
-20.32000098,-0.31839960,-0.52766500
-20.24000099,-0.33585620,-0.52766500
-20.16000099,-0.34458450,-0.52766500
-20.08000099,-0.35331280,-0.52766500
-20.00000099,-0.36201060,-0.52766500
-19.92000099,-0.37073890,-0.52766500
-19.84000099,-0.37073890,-0.51887570
-19.76000099,-0.37946720,-0.51008640
-19.68000099,-0.38819550,-0.51008640
-19.60000099,-0.38819550,-0.50129710
-19.52000099,-0.38819550,-0.50129710
-19.44000099,-0.39692370,-0.48371840
-19.36000099,-0.39692370,-0.47492900
-19.28000099,-0.39692370,-0.46613970
-19.20000099,-0.40565200,-0.44856100
-19.12000099,-0.40565200,-0.43977170
-19.04000099,-0.40565200,-0.43101290
-18.96000099,-0.40565200,-0.42222360
-18.88000099,-0.40565200,-0.41343420
-18.80000099,-0.39692370,-0.39585560
-18.72000099,-0.39692370,-0.38706620
-18.64000100,-0.39692370,-0.36948760
-18.56000100,-0.38819550,-0.35190890
-18.48000100,-0.38819550,-0.32554090
-18.40000100,-0.38819550,-0.31675160
-18.32000100,-0.38819550,-0.30796230
-18.24000100,-0.37073890,-0.29041410
-18.16000100,-0.37073890,-0.28162480
-18.08000100,-0.35331280,-0.25525680
-18.00000100,-0.35331280,-0.23767820
-17.92000100,-0.35331280,-0.21131020
-17.84000100,-0.33585620,-0.19373150
-17.76000100,-0.32712790,-0.18494220
-17.68000100,-0.31839960,-0.15857420
-17.60000100,-0.30094300,-0.14981540
-17.52000100,-0.30094300,-0.12344740
-17.44000100,-0.28348640,-0.10586870
-17.36000100,-0.27475810,-0.07950072
-17.28000100,-0.26602980,-0.05313272
-17.20000100,-0.25730150,-0.03555406
-17.12000100,-0.23984500,-0.00921659
-17.04000100,-0.23111670,-0.00045778
-16.96000101,-0.21366010,0.02591021
-16.88000101,-0.19620350,0.03469954
-16.80000101,-0.18747520,0.06985687
-16.72000101,-0.17004910,0.08743553
-16.64000101,-0.16132080,0.10501420
-16.56000101,-0.14386430,0.13138220
-16.48000101,-0.12640770,0.14893030
-16.40000101,-0.10895110,0.16650900
-16.32000101,-0.09149449,0.18408760
-16.24000101,-0.07403790,0.20166630
-16.16000101,-0.05658132,0.22803430
-16.08000101,-0.03912473,0.24561300
-16.00000101,-0.02166814,0.27198090
-15.92000101,-0.00421155,0.28952910
-15.84000101,0.00451674,0.30710770
-15.76000101,0.01321451,0.32468640
-15.68000101,0.03064058,0.34226510
-15.60000101,0.04809717,0.34226510
-15.52000101,0.06555375,0.36863310
-15.44000101,0.08301035,0.38621170
-15.36000102,0.10046690,0.40379040
-15.28000102,0.11792350,0.41257970
-15.20000102,0.12665180,0.43012790
-15.12000102,0.14410840,0.44770650
-15.04000102,0.16156500,0.45649590
-14.96000102,0.17029330,0.46528520
-14.88000102,0.18774990,0.48286380
-14.80000102,0.20517590,0.48286380
-14.72000102,0.22263250,0.50044250
-14.64000102,0.24008910,0.50923190
-14.56000102,0.24008910,0.51802120
-14.48000102,0.25754570,0.51802120
-14.40000102,0.27500230,0.52681050
-14.32000102,0.28373060,0.53559980
-14.24000102,0.29245890,0.53559980
-14.16000102,0.30991550,0.54438920
-14.08000102,0.31864370,0.55317850
-14.00000102,0.32737200,0.55317850
-13.92000102,0.34482860,0.55317850
-13.84000102,0.34482860,0.55317850
-13.76000102,0.36228520,0.55317850
-13.68000103,0.36228520,0.55317850
-13.60000103,0.37101350,0.54438920
-13.52000103,0.37974180,0.53559980
-13.44000103,0.39716790,0.52681050
-13.36000103,0.39716790,0.52681050
-13.28000103,0.39716790,0.51802120
-13.20000103,0.40589620,0.51802120
-13.12000103,0.41462450,0.51802120
-13.04000103,0.41462450,0.51802120
-12.96000103,0.41462450,0.49165320
-12.88000103,0.41462450,0.48286380
-12.80000103,0.41462450,0.46528520
-12.72000103,0.42335280,0.45649590
-12.64000103,0.41462450,0.44770650
-12.56000103,0.41462450,0.43012790
-12.48000103,0.41462450,0.41257970
-12.40000103,0.41462450,0.41257970
-12.32000103,0.41462450,0.39500110
-12.24000103,0.41462450,0.37742240
-12.16000103,0.39716790,0.35105440
-12.08000104,0.39716790,0.33347570
-12.00000104,0.39716790,0.31589710
-11.92000104,0.39716790,0.29831840
-11.84000104,0.37974180,0.28073980
-11.76000104,0.37974180,0.27198090
-11.68000104,0.36228520,0.24561300
-11.60000104,0.35355690,0.21924500
-11.52000104,0.34482860,0.19287700
-11.44000104,0.32737200,0.16650900
-11.36000104,0.32737200,0.14014100
-11.28000104,0.30991550,0.12259290
-11.20000104,0.30118720,0.09622486
-11.12000104,0.29245890,0.09622486
-11.04000104,0.27500230,0.06106754
-10.96000104,0.25754570,0.02591021
-10.88000104,0.24881740,-0.00045778
-10.80000104,0.23136080,-0.02676473
-10.72000104,0.22263250,-0.04434339
-10.64000104,0.20517590,-0.06192205
-10.56000104,0.18774990,-0.07950072
-10.48000104,0.17029330,-0.08829005
-10.40000105,0.15283670,-0.11465800
-10.32000105,0.13538010,-0.14102600
-10.24000105,0.12665180,-0.16736350
-10.16000105,0.10919520,-0.18494220
-10.08000105,0.09173864,-0.21131020
-10.00000105,0.07428205,-0.22888880
-9.92000105,0.05682547,-0.24646750
-9.84000105,0.04809717,-0.25525680
-9.76000105,0.03064058,-0.27283550
-9.68000105,0.01321451,-0.29041410
-9.60000105,-0.00421155,-0.31675160
-9.52000105,-0.02166814,-0.33433030
-9.44000105,-0.03912473,-0.36069830
-9.36000105,-0.05658132,-0.36948760
-9.28000105,-0.07403790,-0.38706620
-9.20000105,-0.09149449,-0.38706620
-9.12000105,-0.10895110,-0.40464490
-9.04000105,-0.11767940,-0.42222360
-8.96000105,-0.13513600,-0.43977170
-8.88000105,-0.15259250,-0.45735040
-8.80000105,-0.16132080,-0.46613970
-8.72000106,-0.17874690,-0.46613970
-8.64000106,-0.19620350,-0.48371840
-8.56000106,-0.21366010,-0.48371840
-8.48000106,-0.23111670,-0.50129710
-8.40000106,-0.23984500,-0.50129710
-8.32000106,-0.24857330,-0.51008640
-8.24000106,-0.26602980,-0.51887570
-8.16000106,-0.28348640,-0.52766500
-8.08000106,-0.29221470,-0.52766500
-8.00000106,-0.30094300,-0.52766500
-7.92000106,-0.31839960,-0.52766500
-7.84000106,-0.31839960,-0.52766500
-7.76000106,-0.32712790,-0.53645440
-7.68000106,-0.34458450,-0.52766500
-7.60000106,-0.35331280,-0.52766500
-7.52000106,-0.35331280,-0.52766500
-7.44000106,-0.36201060,-0.52766500
-7.36000106,-0.37073890,-0.51887570
-7.28000106,-0.37946720,-0.51887570
-7.20000106,-0.38819550,-0.51008640
-7.12000107,-0.38819550,-0.50129710
-7.04000107,-0.38819550,-0.49250770
-6.96000107,-0.39692370,-0.48371840
-6.88000107,-0.39692370,-0.46613970
-6.80000107,-0.39692370,-0.46613970
-6.72000107,-0.40565200,-0.45735040
-6.64000107,-0.40565200,-0.44856100
-6.56000107,-0.40565200,-0.44856100
-6.48000107,-0.40565200,-0.43101290
-6.40000107,-0.40565200,-0.41343420
-6.32000107,-0.40565200,-0.39585560
-6.24000107,-0.39692370,-0.38706620
-6.16000107,-0.39692370,-0.36948760
-6.08000107,-0.38819550,-0.36069830
-6.00000107,-0.38819550,-0.34311960
-5.92000107,-0.38819550,-0.32554090
-5.84000107,-0.38819550,-0.31675160
-5.76000107,-0.37073890,-0.29041410
-5.68000107,-0.37073890,-0.27283550
-5.60000107,-0.36201060,-0.24646750
-5.52000107,-0.35331280,-0.23767820
-5.44000108,-0.35331280,-0.22009950
-5.36000108,-0.33585620,-0.20252080
-5.28000108,-0.32712790,-0.18494220
-5.20000108,-0.31839960,-0.17615280
-5.12000108,-0.30967130,-0.14981540
-5.04000108,-0.30094300,-0.11465800
-4.96000108,-0.28348640,-0.09707938
-4.88000108,-0.28348640,-0.07950072
-4.80000108,-0.26602980,-0.06192205
-4.72000108,-0.25730150,-0.04434339
-4.64000108,-0.24857330,-0.03555406
-4.56000108,-0.23111670,-0.00921659
-4.48000108,-0.21366010,0.01712088
-4.40000108,-0.19620350,0.04348888
-4.32000108,-0.17874690,0.06106754
-4.24000108,-0.17004910,0.08743553
-4.16000108,-0.16132080,0.10501420
-4.08000108,-0.14386430,0.11380350
-4.00000108,-0.12640770,0.13138220
-3.92000108,-0.10895110,0.15771970
-3.84000109,-0.10022280,0.17529830
-3.76000109,-0.08276620,0.20166630
-3.68000109,-0.07403790,0.22803430
-3.60000109,-0.05658132,0.24561300
-3.52000109,-0.03912473,0.26319160
-3.44000109,-0.02166814,0.27198090
-3.36000109,-0.00421155,0.29831840
-3.28000109,0.01321451,0.30710770
-3.20000109,0.03064058,0.33347570
-3.12000109,0.04809717,0.35105440
-3.04000109,0.06555375,0.36863310
-2.96000109,0.08301035,0.38621170
-2.88000109,0.10046690,0.40379040
-2.80000109,0.10919520,0.41257970
-2.72000109,0.12665180,0.42133850
-2.64000109,0.14410840,0.43891720
-2.56000109,0.15283670,0.44770650
-2.48000109,0.17029330,0.46528520
-2.40000109,0.18774990,0.48286380
-2.32000109,0.20517590,0.48286380
-2.24000109,0.22263250,0.50044250
-2.16000110,0.23136080,0.50923190
-2.08000110,0.24008910,0.51802120
-2.00000110,0.25754570,0.51802120
-1.92000110,0.27500230,0.52681050
-1.84000110,0.28373060,0.53559980
-1.76000110,0.29245890,0.54438920
-1.68000110,0.30991550,0.54438920
-1.60000110,0.31864370,0.55317850
-1.52000110,0.32737200,0.55317850
-1.44000110,0.34482860,0.55317850
-1.36000110,0.34482860,0.55317850
-1.28000110,0.36228520,0.54438920
-1.20000110,0.36228520,0.54438920
-1.12000110,0.37101350,0.54438920
-1.04000110,0.37974180,0.53559980
-0.96000110,0.37974180,0.53559980
-0.88000110,0.39716790,0.53559980
-0.80000110,0.39716790,0.52681050
-0.72000110,0.40589620,0.52681050
-0.64000110,0.40589620,0.51802120
-0.56000111,0.41462450,0.50923190
-0.48000111,0.41462450,0.49165320
-0.40000111,0.41462450,0.48286380
-0.32000111,0.41462450,0.48286380
-0.24000111,0.41462450,0.46528520
-0.16000111,0.42335280,0.45649590
-0.08000111,0.41462450,0.44770650
-0.00000111,0.41462450,0.42133850
0.07999889,0.41462450,0.41257970
0.15999889,0.41462450,0.37742240
0.23999889,0.41462450,0.36863310
0.31999889,0.40589620,0.35105440
0.39999889,0.39716790,0.33347570
0.47999889,0.39716790,0.32468640
0.55999889,0.38843960,0.30710770
0.63999889,0.37974180,0.28073980
0.71999889,0.37101350,0.25440230
0.79999889,0.36228520,0.22803430
0.87999889,0.36228520,0.20166630
0.95999889,0.34482860,0.18408760
1.03999889,0.33610030,0.16650900
1.11999888,0.32737200,0.15771970
1.19999888,0.30991550,0.14014100
1.27999888,0.29245890,0.11380350
1.35999888,0.29245890,0.07864620
1.43999888,0.27500230,0.06106754
1.51999888,0.26627400,0.03469954
1.59999888,0.24881740,0.00833155
1.67999888,0.24008910,-0.00921659
1.75999888,0.22263250,-0.01797540
1.83999888,0.20517590,-0.03555406
1.91999888,0.18774990,-0.07071139
1.99999888,0.17029330,-0.08829005
2.07999888,0.16156500,-0.11465800
2.15999888,0.14410840,-0.14981540
2.23999888,0.13538010,-0.16736350
2.31999888,0.11792350,-0.18494220
2.39999888,0.10046690,-0.19373150
2.47999888,0.08301035,-0.21131020
2.55999888,0.05682547,-0.24646750
2.63999888,0.04809717,-0.26404610
2.71999888,0.03064058,-0.29041410
2.79999887,0.01321451,-0.31675160
2.87999887,-0.00421155,-0.32554090
2.95999887,-0.02166814,-0.34311960
3.03999887,-0.03912473,-0.35190890
3.11999887,-0.05658132,-0.36069830
3.19999887,-0.07403790,-0.37827690
3.27999887,-0.09149449,-0.39585560
3.35999887,-0.10895110,-0.41343420
3.43999887,-0.11767940,-0.42222360
3.51999887,-0.13513600,-0.43101290
3.59999887,-0.15259250,-0.44856100
3.67999887,-0.16132080,-0.45735040
3.75999887,-0.17874690,-0.46613970
3.83999887,-0.19620350,-0.47492900
3.91999887,-0.21366010,-0.49250770
3.99999887,-0.23111670,-0.49250770
4.07999887,-0.23984500,-0.50129710
4.15999887,-0.24857330,-0.51008640
4.23999887,-0.26602980,-0.51008640
4.31999887,-0.27475810,-0.51887570
4.39999886,-0.28348640,-0.52766500
4.47999886,-0.30094300,-0.52766500
4.55999886,-0.30094300,-0.52766500
4.63999886,-0.31839960,-0.52766500
4.71999886,-0.33585620,-0.52766500
4.79999886,-0.33585620,-0.52766500
4.87999886,-0.35331280,-0.52766500
4.95999886,-0.35331280,-0.52766500
5.03999886,-0.36201060,-0.52766500
5.11999886,-0.37073890,-0.51887570
5.19999886,-0.37073890,-0.51008640
5.27999886,-0.38819550,-0.50129710
5.35999886,-0.38819550,-0.50129710
5.43999886,-0.38819550,-0.49250770
5.51999886,-0.38819550,-0.49250770
5.59999886,-0.39692370,-0.48371840
5.67999886,-0.40565200,-0.48371840
5.75999886,-0.40565200,-0.46613970
5.83999886,-0.40565200,-0.45735040
5.91999886,-0.40565200,-0.43977170
5.99999886,-0.40565200,-0.43101290
6.07999885,-0.40565200,-0.41343420
6.15999885,-0.40565200,-0.40464490
6.23999885,-0.40565200,-0.39585560
6.31999885,-0.39692370,-0.38706620
6.39999885,-0.38819550,-0.36069830
6.47999885,-0.38819550,-0.35190890
6.55999885,-0.38819550,-0.32554090
6.63999885,-0.38819550,-0.30796230
6.71999885,-0.37946720,-0.29041410
6.79999885,-0.37073890,-0.28162480
6.87999885,-0.36201060,-0.26404610
6.95999885,-0.35331280,-0.25525680
7.03999885,-0.35331280,-0.22888880
7.11999885,-0.33585620,-0.20252080
7.19999885,-0.33585620,-0.18494220
7.27999885,-0.31839960,-0.15857420
7.35999885,-0.30967130,-0.14102600
7.43999885,-0.30094300,-0.12344740
7.51999885,-0.29221470,-0.10586870
7.59999885,-0.28348640,-0.08829005
7.67999884,-0.26602980,-0.07071139
7.75999884,-0.25730150,-0.04434339
7.83999884,-0.24857330,-0.01797540
7.91999884,-0.23111670,-0.00045778
7.99999884,-0.21366010,0.02591021
8.07999884,-0.19620350,0.04348888
8.15999884,-0.18747520,0.06106754
8.23999884,-0.17874690,0.06985687
8.31999884,-0.16132080,0.09622486
8.39999884,-0.14386430,0.11380350
8.47999884,-0.12640770,0.13138220
8.55999884,-0.11767940,0.16650900
8.63999884,-0.09149449,0.17529830
8.71999884,-0.08276620,0.20166630
8.79999884,-0.07403790,0.21924500
8.87999884,-0.05658132,0.23682360
8.95999884,-0.03912473,0.24561300
9.03999884,-0.02166814,0.27198090
9.11999884,-0.00421155,0.28952910
9.19999884,0.01321451,0.31589710
9.27999884,0.02191229,0.33347570
9.35999883,0.04809717,0.34226510
9.43999883,0.05682547,0.35984370
9.51999883,0.07428205,0.37742240
9.59999883,0.09173864,0.38621170
9.67999883,0.10046690,0.40379040
9.75999883,0.11792350,0.42133850
9.83999883,0.13538010,0.43891720
9.91999883,0.15283670,0.45649590
9.99999883,0.16156500,0.46528520
10.07999883,0.18774990,0.48286380
10.15999883,0.19647820,0.48286380
10.23999883,0.20517590,0.49165320
10.31999883,0.22263250,0.50044250
10.39999883,0.24008910,0.51802120
10.47999883,0.25754570,0.51802120
10.55999883,0.26627400,0.52681050
10.63999883,0.27500230,0.53559980
10.71999883,0.29245890,0.53559980
10.79999883,0.30118720,0.54438920
10.87999883,0.30991550,0.55317850
10.95999882,0.31864370,0.54438920
11.03999882,0.33610030,0.55317850
11.11999882,0.34482860,0.55317850
11.19999882,0.35355690,0.55317850
11.27999882,0.36228520,0.55317850
11.35999882,0.37101350,0.55317850
11.43999882,0.37974180,0.55317850
11.51999882,0.38843960,0.54438920
11.59999882,0.39716790,0.53559980
11.67999882,0.39716790,0.52681050
11.75999882,0.39716790,0.51802120
11.83999882,0.40589620,0.51802120
11.91999882,0.41462450,0.50923190
11.99999882,0.41462450,0.50044250
12.07999882,0.41462450,0.49165320
12.15999882,0.41462450,0.48286380
12.23999882,0.41462450,0.47407450
12.31999882,0.41462450,0.45649590
12.39999882,0.42335280,0.43891720
12.47999882,0.41462450,0.42133850
12.55999882,0.41462450,0.41257970
12.63999881,0.41462450,0.39500110
12.71999881,0.41462450,0.37742240
12.79999881,0.40589620,0.36863310
12.87999881,0.39716790,0.34226510
12.95999881,0.39716790,0.31589710
13.03999881,0.39716790,0.28073980
13.11999881,0.37974180,0.27198090
13.19999881,0.37974180,0.24561300
13.27999881,0.36228520,0.23682360
13.35999881,0.36228520,0.21924500
13.43999881,0.35355690,0.20166630
13.51999881,0.32737200,0.17529830
13.59999881,0.32737200,0.14893030
13.67999881,0.30991550,0.12259290
13.75999881,0.30118720,0.09622486
13.83999881,0.28373060,0.07864620
13.91999881,0.27500230,0.06106754
13.99999881,0.26627400,0.04348888
14.07999881,0.25754570,0.03469954
14.15999881,0.24008910,-0.00045778
14.23999881,0.22263250,-0.02676473
14.31999880,0.20517590,-0.05313272
14.39999880,0.18774990,-0.07950072
14.47999880,0.17029330,-0.09707938
14.55999880,0.16156500,-0.11465800
14.63999880,0.15283670,-0.13223670
14.71999880,0.13538010,-0.14981540
14.79999880,0.11792350,-0.15857420
14.87999880,0.10046690,-0.18494220
14.95999880,0.08301035,-0.22009950
15.03999880,0.06555375,-0.23767820
15.11999880,0.04809717,-0.25525680
15.19999880,0.03064058,-0.27283550
15.27999880,0.01321451,-0.29041410
15.35999880,0.00451674,-0.29917290
15.43999880,-0.01293985,-0.32554090
15.51999880,-0.03912473,-0.35190890
15.59999880,-0.04785302,-0.36948760
15.67999880,-0.06530961,-0.38706620
15.75999880,-0.08276620,-0.39585560
15.83999880,-0.10022280,-0.41343420
15.91999879,-0.10895110,-0.42222360
15.99999879,-0.12640770,-0.43101290
16.07999879,-0.14386430,-0.43977170
16.15999879,-0.16132080,-0.45735040
16.23999879,-0.17874690,-0.46613970
16.31999879,-0.19620350,-0.47492900
16.39999879,-0.21366010,-0.49250770
16.47999879,-0.22238840,-0.49250770
16.55999879,-0.23111670,-0.50129710
16.63999879,-0.24857330,-0.50129710
16.71999879,-0.26602980,-0.50129710
16.79999879,-0.26602980,-0.51008640
16.87999879,-0.28348640,-0.51887570
16.95999879,-0.29221470,-0.51887570
17.03999879,-0.30094300,-0.51887570
17.11999879,-0.31839960,-0.52766500
17.19999879,-0.31839960,-0.52766500
17.27999879,-0.33585620,-0.52766500
17.35999879,-0.34458450,-0.52766500
17.43999879,-0.35331280,-0.52766500
17.51999879,-0.35331280,-0.52766500
17.59999878,-0.37073890,-0.51887570
17.67999878,-0.37073890,-0.51008640
17.75999878,-0.37946720,-0.51008640
17.83999878,-0.37946720,-0.51008640
17.91999878,-0.38819550,-0.50129710
17.99999878,-0.38819550,-0.49250770
18.07999878,-0.39692370,-0.48371840
18.15999878,-0.39692370,-0.46613970
18.23999878,-0.40565200,-0.46613970
18.31999878,-0.40565200,-0.44856100
18.39999878,-0.40565200,-0.43977170
18.47999878,-0.40565200,-0.43101290
18.55999878,-0.40565200,-0.42222360
18.63999878,-0.40565200,-0.41343420
18.71999878,-0.39692370,-0.39585560
18.79999878,-0.39692370,-0.37827690
18.87999878,-0.38819550,-0.36069830
18.95999878,-0.38819550,-0.34311960
19.03999878,-0.38819550,-0.32554090
19.11999878,-0.37946720,-0.31675160
19.19999877,-0.37946720,-0.30796230
19.27999877,-0.37073890,-0.29041410
19.35999877,-0.36201060,-0.26404610
19.43999877,-0.35331280,-0.24646750
19.51999877,-0.35331280,-0.22009950
19.59999877,-0.34458450,-0.20252080
19.67999877,-0.33585620,-0.18494220
19.75999877,-0.31839960,-0.16736350
19.83999877,-0.31839960,-0.14981540
19.91999877,-0.30094300,-0.14102600
19.99999877,-0.29221470,-0.11465800
20.07999877,-0.28348640,-0.08829005
20.15999877,-0.26602980,-0.07071139
20.23999877,-0.26602980,-0.04434339
20.31999877,-0.24857330,-0.02676473
20.39999877,-0.23111670,-0.00921659
20.47999877,-0.21366010,0.00833155
20.55999877,-0.20493180,0.02591021
20.63999877,-0.19620350,0.05227821
20.71999877,-0.17874690,0.07864620
20.79999877,-0.16132080,0.09622486
20.87999876,-0.14386430,0.12259290
20.95999876,-0.12640770,0.14014100
21.03999876,-0.11767940,0.15771970
21.11999876,-0.10022280,0.17529830
21.19999876,-0.09149449,0.18408760
21.27999876,-0.07403790,0.21045560
21.35999876,-0.05658132,0.23682360
21.43999876,-0.03912473,0.24561300
21.51999876,-0.02166814,0.27198090
21.59999876,-0.00421155,0.28952910
21.67999876,0.00451674,0.30710770
21.75999876,0.02191229,0.32468640
21.83999876,0.03936888,0.34226510
21.91999876,0.05682547,0.35105440
21.99999876,0.06555375,0.36863310
22.07999876,0.08301035,0.38621170
22.15999876,0.10046690,0.41257970
22.23999876,0.11792350,0.42133850
22.31999876,0.13538010,0.43012790
22.39999876,0.15283670,0.44770650
22.47999875,0.16156500,0.45649590
22.55999875,0.17902160,0.47407450
22.63999875,0.19647820,0.48286380
22.71999875,0.20517590,0.49165320
22.79999875,0.22263250,0.50044250
22.87999875,0.24008910,0.50923190
22.95999875,0.24881740,0.51802120
23.03999875,0.25754570,0.52681050
23.11999875,0.27500230,0.53559980
23.19999875,0.29245890,0.53559980
23.27999875,0.30118720,0.54438920
23.35999875,0.30991550,0.55317850
23.43999875,0.32737200,0.55317850
23.51999875,0.33610030,0.55317850
23.59999875,0.34482860,0.55317850
23.67999875,0.35355690,0.55317850
23.75999875,0.36228520,0.55317850
23.83999875,0.36228520,0.54438920
23.91999875,0.37974180,0.53559980
23.99999875,0.37974180,0.52681050
24.07999875,0.38843960,0.52681050
24.15999874,0.39716790,0.52681050
24.23999874,0.39716790,0.51802120
24.31999874,0.40589620,0.51802120
24.39999874,0.41462450,0.51802120
24.47999874,0.41462450,0.50044250
24.55999874,0.41462450,0.48286380
24.63999874,0.41462450,0.48286380
24.71999874,0.41462450,0.46528520
24.79999874,0.41462450,0.44770650
24.87999874,0.41462450,0.43891720
24.95999874,0.41462450,0.43012790
25.03999874,0.41462450,0.42133850
25.11999874,0.41462450,0.41257970
25.19999874,0.40589620,0.38621170
25.27999874,0.40589620,0.36863310
25.35999874,0.39716790,0.35105440
25.43999874,0.39716790,0.33347570
25.51999874,0.39716790,0.30710770
25.59999874,0.38843960,0.29831840
25.67999874,0.37974180,0.28073980
25.75999873,0.37101350,0.26319160
25.83999873,0.36228520,0.22803430
25.91999873,0.35355690,0.20166630
25.99999873,0.34482860,0.16650900
26.07999873,0.32737200,0.14893030
26.15999873,0.31864370,0.13138220
26.23999873,0.30991550,0.10501420
26.31999873,0.29245890,0.09622486
26.39999873,0.28373060,0.07864620
26.47999873,0.26627400,0.04348888
26.55999873,0.25754570,0.01712088
26.63999873,0.24008910,-0.00921659
26.71999873,0.22263250,-0.03555406
26.79999873,0.21390420,-0.05313272
26.87999873,0.19647820,-0.07071139
26.95999873,0.18774990,-0.07950072
27.03999873,0.17029330,-0.10586870
27.11999873,0.15283670,-0.13223670
27.19999873,0.13538010,-0.15857420
27.27999873,0.11792350,-0.18494220
27.35999873,0.10046690,-0.21131020
27.43999872,0.08301035,-0.22009950
27.51999872,0.06555375,-0.23767820
27.59999872,0.04809717,-0.24646750
27.67999872,0.03064058,-0.25525680
27.75999872,0.01321451,-0.28162480
27.83999872,0.00451674,-0.29917290
27.91999872,-0.01293985,-0.32554090
27.99999872,-0.02166814,-0.33433030
28.07999872,-0.03912473,-0.36069830
28.15999872,-0.05658132,-0.36069830
28.23999872,-0.07403790,-0.37827690
28.31999872,-0.10022280,-0.39585560
28.39999872,-0.10895110,-0.41343420
28.47999872,-0.12640770,-0.43101290
28.55999872,-0.14386430,-0.43977170
28.63999872,-0.16132080,-0.45735040
28.71999872,-0.17004910,-0.46613970
28.79999872,-0.18747520,-0.47492900
28.87999872,-0.19620350,-0.47492900
28.95999872,-0.21366010,-0.49250770
29.03999872,-0.23111670,-0.50129710
29.11999871,-0.23984500,-0.50129710
29.19999871,-0.25730150,-0.51008640
29.27999871,-0.26602980,-0.51008640
29.35999871,-0.28348640,-0.51887570
29.43999871,-0.29221470,-0.52766500
29.51999871,-0.30094300,-0.52766500
29.59999871,-0.31839960,-0.52766500
29.67999871,-0.31839960,-0.53645440
29.75999871,-0.33585620,-0.53645440
29.83999871,-0.33585620,-0.52766500
29.91999871,-0.35331280,-0.52766500
29.99999871,-0.35331280,-0.52766500
30.07999871,-0.36201060,-0.52766500
30.15999871,-0.37073890,-0.51887570
30.23999871,-0.37946720,-0.51008640
30.31999871,-0.38819550,-0.50129710
30.39999871,-0.38819550,-0.49250770
30.47999871,-0.38819550,-0.48371840
30.55999871,-0.38819550,-0.47492900
30.63999871,-0.39692370,-0.46613970
30.71999870,-0.40565200,-0.46613970
30.79999870,-0.40565200,-0.45735040
30.87999870,-0.40565200,-0.44856100
30.95999870,-0.40565200,-0.43977170
31.03999870,-0.40565200,-0.42222360
31.11999870,-0.40565200,-0.41343420
31.19999870,-0.40565200,-0.39585560
31.27999870,-0.39692370,-0.37827690
31.35999870,-0.38819550,-0.36948760
31.43999870,-0.38819550,-0.36069830
31.51999870,-0.38819550,-0.34311960
31.59999870,-0.38819550,-0.32554090
31.67999870,-0.37073890,-0.30796230
31.75999870,-0.37073890,-0.28162480
31.83999870,-0.36201060,-0.26404610
31.91999870,-0.35331280,-0.24646750
31.99999870,-0.35331280,-0.22888880
32.07999870,-0.34458450,-0.22009950
32.15999870,-0.34458450,-0.21131020
32.23999870,-0.32712790,-0.18494220
32.31999870,-0.31839960,-0.15857420
32.39999869,-0.30094300,-0.13223670
32.47999869,-0.29221470,-0.11465800
32.55999869,-0.28348640,-0.08829005
32.63999869,-0.26602980,-0.07950072
32.71999869,-0.26602980,-0.05313272
32.79999869,-0.24857330,-0.04434339
32.87999869,-0.23111670,-0.02676473
32.95999869,-0.22238840,-0.00045778
33.03999869,-0.21366010,0.02591021
33.11999869,-0.19620350,0.05227821
33.19999869,-0.17874690,0.06985687
33.27999869,-0.17004910,0.08743553
33.35999869,-0.16132080,0.10501420
33.43999869,-0.14386430,0.12259290
33.51999869,-0.12640770,0.14893030
33.59999869,-0.10895110,0.16650900
33.67999869,-0.09149449,0.19287700
33.75999869,-0.07403790,0.21924500
33.83999869,-0.05658132,0.23682360
33.91999869,-0.04785302,0.25440230
33.99999868,-0.03039644,0.27198090
34.07999868,-0.01293985,0.28073980
34.15999868,0.00451674,0.29831840
34.23999868,0.01321451,0.31589710
34.31999868,0.03064058,0.34226510
34.39999868,0.04809717,0.35105440
34.47999868,0.06555375,0.37742240
34.55999868,0.08301035,0.38621170
34.63999868,0.10046690,0.39500110
34.71999868,0.11792350,0.41257970
34.79999868,0.13538010,0.42133850
34.87999868,0.14410840,0.43891720
34.95999868,0.16156500,0.45649590
35.03999868,0.17029330,0.46528520
35.11999868,0.18774990,0.48286380
35.19999868,0.20517590,0.49165320
35.27999868,0.22263250,0.50044250
35.35999868,0.24008910,0.51802120
35.43999868,0.24881740,0.51802120
35.51999868,0.25754570,0.51802120
35.59999868,0.27500230,0.52681050
35.67999867,0.29245890,0.53559980
35.75999867,0.29245890,0.54438920
35.83999867,0.30991550,0.55317850
35.91999867,0.31864370,0.55317850
35.99999867,0.32737200,0.55317850
36.07999867,0.33610030,0.55317850
36.15999867,0.35355690,0.54438920
36.23999867,0.36228520,0.55317850
36.31999867,0.37101350,0.54438920
36.39999867,0.37974180,0.54438920
36.47999867,0.37974180,0.54438920
36.55999867,0.38843960,0.53559980
36.63999867,0.39716790,0.53559980
36.71999867,0.39716790,0.53559980
36.79999867,0.39716790,0.51802120
36.87999867,0.41462450,0.51802120
36.95999867,0.41462450,0.50044250
37.03999867,0.41462450,0.49165320
37.11999867,0.41462450,0.48286380
37.19999867,0.41462450,0.47407450
37.27999866,0.42335280,0.46528520
37.35999866,0.41462450,0.44770650
37.43999866,0.41462450,0.42133850
37.51999866,0.41462450,0.41257970
37.59999866,0.41462450,0.38621170
37.67999866,0.41462450,0.37742240
37.75999866,0.40589620,0.35984370
37.83999866,0.39716790,0.34226510
37.91999866,0.39716790,0.33347570
37.99999866,0.39716790,0.32468640
38.07999866,0.37974180,0.29831840
38.15999866,0.37974180,0.27198090
38.23999866,0.37101350,0.24561300
38.31999866,0.36228520,0.22803430
38.39999866,0.35355690,0.20166630
38.47999866,0.34482860,0.18408760
38.55999866,0.32737200,0.17529830
38.63999866,0.32737200,0.15771970
38.71999866,0.30991550,0.13138220
38.79999866,0.29245890,0.09622486
38.87999866,0.28373060,0.06985687
38.95999865,0.27500230,0.05227821
39.03999865,0.25754570,0.02591021
39.11999865,0.24008910,0.00833155
39.19999865,0.24008910,-0.00921659
39.27999865,0.22263250,-0.01797540
39.35999865,0.20517590,-0.04434339
39.43999865,0.18774990,-0.07950072
39.51999865,0.17029330,-0.10586870
39.59999865,0.15283670,-0.12344740
39.67999865,0.14410840,-0.14981540
39.75999865,0.12665180,-0.17615280
39.83999865,0.10919520,-0.18494220
39.91999865,0.09173864,-0.19373150
39.99999865,0.08301035,-0.22009950
40.07999865,0.05682547,-0.25525680
40.15999865,0.04809717,-0.28162480
40.23999865,0.02191229,-0.29041410
40.31999865,0.01321451,-0.31675160
40.39999865,-0.00421155,-0.32554090
40.47999865,-0.02166814,-0.33433030
40.55999865,-0.03912473,-0.34311960
40.63999864,-0.05658132,-0.36069830
40.71999864,-0.07403790,-0.37827690
40.79999864,-0.09149449,-0.39585560
40.87999864,-0.10895110,-0.41343420
40.95999864,-0.11767940,-0.43101290
41.03999864,-0.14386430,-0.43101290
41.11999864,-0.15259250,-0.44856100
41.19999864,-0.16132080,-0.45735040
41.27999864,-0.18747520,-0.46613970
41.35999864,-0.19620350,-0.48371840
41.43999864,-0.21366010,-0.49250770
41.51999864,-0.23111670,-0.50129710
41.59999864,-0.24857330,-0.50129710
41.67999864,-0.25730150,-0.51008640
41.75999864,-0.26602980,-0.51887570
41.83999864,-0.28348640,-0.51887570
41.91999864,-0.28348640,-0.52766500
41.99999864,-0.30094300,-0.52766500
42.07999864,-0.31839960,-0.52766500
42.15999864,-0.31839960,-0.52766500
42.23999863,-0.33585620,-0.52766500
42.31999863,-0.33585620,-0.52766500
42.39999863,-0.35331280,-0.52766500
42.47999863,-0.35331280,-0.52766500
42.55999863,-0.37073890,-0.52766500
42.63999863,-0.37073890,-0.51887570
42.71999863,-0.37073890,-0.51008640
42.79999863,-0.38819550,-0.50129710
42.87999863,-0.38819550,-0.50129710
42.95999863,-0.38819550,-0.49250770
43.03999863,-0.39692370,-0.49250770
43.11999863,-0.39692370,-0.49250770
43.19999863,-0.39692370,-0.47492900
43.27999863,-0.40565200,-0.46613970
43.35999863,-0.40565200,-0.45735040
43.43999863,-0.40565200,-0.43101290
43.51999863,-0.40565200,-0.42222360
43.59999863,-0.40565200,-0.41343420
43.67999863,-0.40565200,-0.39585560
43.75999863,-0.40565200,-0.39585560
43.83999863,-0.39692370,-0.37827690
43.91999862,-0.38819550,-0.36069830
43.99999862,-0.38819550,-0.33433030
44.07999862,-0.38819550,-0.31675160
44.15999862,-0.37946720,-0.29917290
44.23999862,-0.37073890,-0.29041410
44.31999862,-0.37073890,-0.27283550
44.39999862,-0.36201060,-0.26404610
44.47999862,-0.35331280,-0.23767820
44.55999862,-0.34458450,-0.22009950
44.63999862,-0.33585620,-0.20252080
44.71999862,-0.31839960,-0.18494220
44.79999862,-0.31839960,-0.15857420
44.87999862,-0.30094300,-0.14102600
44.95999862,-0.30094300,-0.12344740
45.03999862,-0.28348640,-0.10586870
45.11999862,-0.27475810,-0.07950072
45.19999862,-0.26602980,-0.06192205
45.27999862,-0.24857330,-0.04434339
45.35999862,-0.23984500,-0.01797540
45.43999862,-0.23111670,-0.00045778
45.51999861,-0.21366010,0.02591021
45.59999861,-0.19620350,0.04348888
45.67999861,-0.17874690,0.06106754
45.75999861,-0.17004910,0.07864620
45.83999861,-0.15259250,0.09622486
45.91999861,-0.14386430,0.12259290
45.99999861,-0.12640770,0.14014100
46.07999861,-0.10895110,0.16650900
46.15999861,-0.09149449,0.18408760
46.23999861,-0.08276620,0.20166630
46.31999861,-0.07403790,0.21924500
46.39999861,-0.04785302,0.23682360
46.47999861,-0.03039644,0.25440230
46.55999861,-0.02166814,0.27198090
46.63999861,-0.00421155,0.29831840
46.71999861,0.01321451,0.31589710
46.79999861,0.03064058,0.34226510
46.87999861,0.04809717,0.35105440
46.95999861,0.06555375,0.36863310
47.03999861,0.08301035,0.37742240
47.11999861,0.09173864,0.38621170
47.19999860,0.10919520,0.41257970
47.27999860,0.12665180,0.42133850
47.35999860,0.13538010,0.44770650
47.43999860,0.15283670,0.45649590
47.51999860,0.17029330,0.46528520
47.59999860,0.18774990,0.47407450
47.67999860,0.20517590,0.48286380
47.75999860,0.21390420,0.49165320
47.83999860,0.23136080,0.50923190
47.91999860,0.24008910,0.51802120
47.99999860,0.25754570,0.51802120
48.07999860,0.26627400,0.52681050
48.15999860,0.28373060,0.53559980
48.23999860,0.29245890,0.54438920
48.31999860,0.30118720,0.55317850
48.39999860,0.30991550,0.55317850
48.47999860,0.32737200,0.55317850
48.55999860,0.33610030,0.55317850
48.63999860,0.35355690,0.55317850
48.71999860,0.36228520,0.55317850
48.79999859,0.36228520,0.55317850
48.87999859,0.37974180,0.55317850
48.95999859,0.37974180,0.55317850
49.03999859,0.37974180,0.54438920
49.11999859,0.39716790,0.52681050
49.19999859,0.39716790,0.51802120
49.27999859,0.40589620,0.51802120
49.35999859,0.40589620,0.50923190
49.43999859,0.41462450,0.50923190
49.51999859,0.41462450,0.49165320
49.59999859,0.41462450,0.49165320
49.67999859,0.41462450,0.48286380
49.75999859,0.41462450,0.46528520
49.83999859,0.41462450,0.44770650
49.91999859,0.41462450,0.43891720
49.99999859,0.41462450,0.41257970
50.07999859,0.41462450,0.41257970
50.15999859,0.41462450,0.39500110
50.23999859,0.41462450,0.37742240
50.31999859,0.40589620,0.35984370
50.39999859,0.39716790,0.34226510
50.47999858,0.39716790,0.31589710
50.55999858,0.38843960,0.28952910
50.63999858,0.37974180,0.27198090
50.71999858,0.37101350,0.24561300
50.79999858,0.36228520,0.23682360
50.87999858,0.36228520,0.22803430
50.95999858,0.34482860,0.20166630
51.03999858,0.32737200,0.17529830
51.11999858,0.32737200,0.14014100
51.19999858,0.30991550,0.12259290
51.27999858,0.29245890,0.09622486
51.35999858,0.29245890,0.07864620
51.43999858,0.27500230,0.06106754
51.51999858,0.26627400,0.05227821
51.59999858,0.24008910,0.02591021
51.67999858,0.23136080,-0.00921659
51.75999858,0.22263250,-0.03555406
51.83999858,0.20517590,-0.06192205
51.91999858,0.18774990,-0.07950072
51.99999858,0.17029330,-0.10586870
52.07999858,0.16156500,-0.11465800
52.15999857,0.15283670,-0.13223670
52.23999857,0.12665180,-0.14981540
52.31999857,0.11792350,-0.17615280
52.39999857,0.10046690,-0.20252080
52.47999857,0.08301035,-0.22009950
52.55999857,0.06555375,-0.24646750
52.63999857,0.04809717,-0.25525680
52.71999857,0.03064058,-0.27283550
52.79999857,0.01321451,-0.29041410
52.87999857,-0.00421155,-0.31675160
52.95999857,-0.02166814,-0.33433030
53.03999857,-0.03912473,-0.36069830
53.11999857,-0.05658132,-0.38706620
53.19999857,-0.07403790,-0.39585560
53.27999857,-0.09149449,-0.40464490
53.35999857,-0.10895110,-0.41343420
53.43999857,-0.12640770,-0.42222360
53.51999857,-0.13513600,-0.43101290
53.59999857,-0.15259250,-0.44856100
53.67999857,-0.16132080,-0.45735040
53.75999856,-0.17874690,-0.46613970
53.83999856,-0.19620350,-0.48371840
53.91999856,-0.21366010,-0.48371840
53.99999856,-0.23111670,-0.49250770
54.07999856,-0.23984500,-0.49250770
54.15999856,-0.24857330,-0.50129710
54.23999856,-0.26602980,-0.51008640
54.31999856,-0.27475810,-0.51887570
54.39999856,-0.28348640,-0.51887570
54.47999856,-0.30094300,-0.52766500
54.55999856,-0.30094300,-0.52766500
54.63999856,-0.31839960,-0.52766500
54.71999856,-0.32712790,-0.52766500
54.79999856,-0.33585620,-0.52766500
54.87999856,-0.34458450,-0.52766500
54.95999856,-0.35331280,-0.52766500
55.03999856,-0.36201060,-0.51887570
55.11999856,-0.37073890,-0.51887570
55.19999856,-0.37073890,-0.51008640
55.27999856,-0.37946720,-0.50129710
55.35999856,-0.38819550,-0.50129710
55.43999855,-0.38819550,-0.50129710
55.51999855,-0.38819550,-0.49250770
55.59999855,-0.39692370,-0.47492900
55.67999855,-0.39692370,-0.46613970
55.75999855,-0.39692370,-0.45735040
55.83999855,-0.40565200,-0.44856100
55.91999855,-0.40565200,-0.43977170
55.99999855,-0.40565200,-0.43101290
56.07999855,-0.40565200,-0.42222360
56.15999855,-0.39692370,-0.40464490
56.23999855,-0.39692370,-0.39585560
56.31999855,-0.39692370,-0.37827690
56.39999855,-0.38819550,-0.36069830
56.47999855,-0.38819550,-0.34311960
56.55999855,-0.38819550,-0.32554090
56.63999855,-0.37946720,-0.31675160
56.71999855,-0.37073890,-0.29917290
56.79999855,-0.37073890,-0.28162480
56.87999855,-0.36201060,-0.25525680
56.95999855,-0.35331280,-0.23767820
57.03999854,-0.34458450,-0.22009950
57.11999854,-0.33585620,-0.20252080
57.19999854,-0.32712790,-0.18494220
57.27999854,-0.31839960,-0.16736350
57.35999854,-0.30967130,-0.14981540
57.43999854,-0.30094300,-0.13223670
57.51999854,-0.28348640,-0.10586870
57.59999854,-0.28348640,-0.07950072
57.67999854,-0.26602980,-0.06192205
57.75999854,-0.24857330,-0.04434339
57.83999854,-0.24857330,-0.02676473
57.91999854,-0.23111670,-0.00921659
57.99999854,-0.21366010,0.00833155
58.07999854,-0.19620350,0.03469954
58.15999854,-0.18747520,0.06106754
58.23999854,-0.17004910,0.08743553
58.31999854,-0.16132080,0.10501420
58.39999854,-0.14386430,0.13138220
58.47999854,-0.12640770,0.14014100
58.55999854,-0.10895110,0.15771970
58.63999854,-0.10022280,0.17529830
58.71999853,-0.08276620,0.19287700
58.79999853,-0.06530961,0.21045560
58.87999853,-0.05658132,0.23682360
58.95999853,-0.03912473,0.25440230
59.03999853,-0.02166814,0.27198090
59.11999853,-0.00421155,0.28952910
59.19999853,0.01321451,0.30710770
59.27999853,0.03064058,0.31589710
59.35999853,0.03936888,0.34226510
59.43999853,0.06555375,0.35984370
59.51999853,0.07428205,0.37742240
59.59999853,0.09173864,0.39500110
59.67999853,0.10046690,0.41257970
59.75999853,0.11792350,0.42133850
59.83999853,0.13538010,0.43891720
59.91999853,0.15283670,0.44770650
59.99999853,0.17029330,0.45649590
60.07999853,0.18774990,0.46528520
60.15999853,0.19647820,0.48286380
60.23999853,0.20517590,0.48286380
60.31999852,0.22263250,0.50923190
60.39999852,0.24008910,0.51802120
60.47999852,0.25754570,0.51802120
60.55999852,0.26627400,0.52681050
60.63999852,0.27500230,0.52681050
60.71999852,0.29245890,0.53559980
60.79999852,0.30118720,0.54438920
60.87999852,0.30991550,0.54438920
60.95999852,0.32737200,0.55317850
61.03999852,0.33610030,0.55317850
61.11999852,0.34482860,0.55317850
61.19999852,0.35355690,0.55317850
61.27999852,0.36228520,0.55317850
61.35999852,0.37101350,0.53559980
61.43999852,0.37974180,0.53559980
61.51999852,0.37974180,0.52681050
61.59999852,0.39716790,0.52681050
61.67999852,0.39716790,0.51802120
61.75999852,0.39716790,0.51802120
61.83999852,0.40589620,0.51802120
61.91999852,0.40589620,0.51802120
61.99999851,0.41462450,0.49165320
62.07999851,0.41462450,0.48286380
62.15999851,0.41462450,0.47407450
62.23999851,0.41462450,0.46528520
62.31999851,0.41462450,0.44770650
62.39999851,0.41462450,0.44770650
62.47999851,0.41462450,0.43012790
62.55999851,0.41462450,0.42133850
62.63999851,0.41462450,0.40379040
62.71999851,0.41462450,0.38621170
62.79999851,0.40589620,0.36863310
62.87999851,0.39716790,0.34226510
62.95999851,0.39716790,0.32468640
63.03999851,0.39716790,0.30710770
63.11999851,0.38843960,0.29831840
63.19999851,0.37974180,0.27198090
63.27999851,0.36228520,0.23682360
63.35999851,0.36228520,0.21924500
63.43999851,0.34482860,0.18408760
63.51999851,0.33610030,0.16650900
63.59999851,0.32737200,0.14014100
63.67999850,0.30991550,0.13138220
63.75999850,0.30118720,0.11380350
63.83999850,0.29245890,0.09622486
63.91999850,0.27500230,0.06106754
63.99999850,0.26627400,0.03469954
64.07999850,0.25754570,0.00833155
64.15999850,0.24008910,-0.00921659
64.23999850,0.22263250,-0.03555406
64.31999850,0.20517590,-0.04434339
64.39999850,0.18774990,-0.06192205
64.47999850,0.18774990,-0.07950072
64.55999850,0.16156500,-0.11465800
64.63999850,0.14410840,-0.14102600
64.71999850,0.13538010,-0.16736350
64.79999850,0.11792350,-0.18494220
64.87999850,0.10046690,-0.21131020
64.95999850,0.08301035,-0.22009950
65.03999850,0.06555375,-0.23767820
65.11999850,0.04809717,-0.24646750
65.19999850,0.03064058,-0.26404610
65.27999849,0.01321451,-0.29041410
65.35999849,-0.00421155,-0.30796230
65.43999849,-0.02166814,-0.32554090
65.51999849,-0.03039644,-0.34311960
65.59999849,-0.04785302,-0.36069830
65.67999849,-0.06530961,-0.36948760
65.75999849,-0.08276620,-0.37827690
65.83999849,-0.09149449,-0.39585560
65.91999849,-0.10895110,-0.41343420
65.99999849,-0.12640770,-0.42222360
66.07999849,-0.14386430,-0.43977170
66.15999849,-0.16132080,-0.45735040
66.23999849,-0.17004910,-0.46613970
66.31999849,-0.18747520,-0.46613970
66.39999849,-0.19620350,-0.47492900
66.47999849,-0.22238840,-0.49250770
66.55999849,-0.23111670,-0.50129710
66.63999849,-0.24857330,-0.51008640
66.71999849,-0.26602980,-0.51887570
66.79999849,-0.26602980,-0.52766500
66.87999849,-0.28348640,-0.52766500
66.95999848,-0.29221470,-0.52766500
67.03999848,-0.30094300,-0.52766500
67.11999848,-0.31839960,-0.53645440
67.19999848,-0.32712790,-0.52766500
67.27999848,-0.33585620,-0.52766500
67.35999848,-0.34458450,-0.52766500
67.43999848,-0.35331280,-0.52766500
67.51999848,-0.35331280,-0.52766500
67.59999848,-0.37073890,-0.51887570
67.67999848,-0.37073890,-0.52766500
67.75999848,-0.37946720,-0.51008640
67.83999848,-0.38819550,-0.50129710
67.91999848,-0.38819550,-0.49250770
67.99999848,-0.39692370,-0.48371840
68.07999848,-0.39692370,-0.47492900
68.15999848,-0.39692370,-0.46613970
68.23999848,-0.40565200,-0.46613970
68.31999848,-0.40565200,-0.45735040
68.39999848,-0.40565200,-0.44856100
68.47999848,-0.40565200,-0.43101290
68.55999847,-0.40565200,-0.41343420
68.63999847,-0.39692370,-0.39585560
68.71999847,-0.39692370,-0.38706620
68.79999847,-0.39692370,-0.37827690
68.87999847,-0.39692370,-0.36069830
68.95999847,-0.38819550,-0.36069830
69.03999847,-0.38819550,-0.34311960
69.11999847,-0.37946720,-0.32554090
69.19999847,-0.37073890,-0.29917290
69.27999847,-0.37073890,-0.28162480
69.35999847,-0.37073890,-0.26404610
69.43999847,-0.35331280,-0.24646750
69.51999847,-0.35331280,-0.22888880
69.59999847,-0.34458450,-0.22009950
69.67999847,-0.33585620,-0.19373150
69.75999847,-0.32712790,-0.17615280
69.83999847,-0.31839960,-0.14981540
69.91999847,-0.30094300,-0.12344740
69.99999847,-0.29221470,-0.10586870
70.07999847,-0.28348640,-0.08829005
70.15999847,-0.26602980,-0.07950072
70.23999846,-0.26602980,-0.05313272
70.31999846,-0.24857330,-0.03555406
70.39999846,-0.23111670,-0.00921659
70.47999846,-0.22238840,0.01712088
70.55999846,-0.20493180,0.03469954
70.63999846,-0.18747520,0.06106754
70.71999846,-0.17874690,0.08743553
70.79999846,-0.16132080,0.09622486
70.87999846,-0.14386430,0.10501420
70.95999846,-0.13513600,0.13138220
71.03999846,-0.11767940,0.15771970
71.11999846,-0.10022280,0.17529830
71.19999846,-0.09149449,0.20166630
71.27999846,-0.07403790,0.21924500
71.35999846,-0.05658132,0.23682360
71.43999846,-0.03912473,0.25440230
71.51999846,-0.02166814,0.27198090
71.59999846,-0.01293985,0.28073980
71.67999846,0.01321451,0.29831840
71.75999846,0.03064058,0.32468640
71.83999845,0.03936888,0.34226510
71.91999845,0.05682547,0.35984370
71.99999845,0.06555375,0.37742240
72.07999845,0.08301035,0.38621170
72.15999845,0.10046690,0.40379040
72.23999845,0.11792350,0.41257970
72.31999845,0.13538010,0.43012790
72.39999845,0.15283670,0.44770650
72.47999845,0.17029330,0.45649590
72.55999845,0.18774990,0.47407450
72.63999845,0.18774990,0.48286380
72.71999845,0.20517590,0.49165320
72.79999845,0.22263250,0.50923190
72.87999845,0.24008910,0.51802120
72.95999845,0.25754570,0.51802120
73.03999845,0.26627400,0.52681050
73.11999845,0.27500230,0.53559980
73.19999845,0.29245890,0.54438920
73.27999845,0.30118720,0.55317850
73.35999845,0.30991550,0.55317850
73.43999845,0.32737200,0.55317850
73.51999844,0.32737200,0.55317850
73.59999844,0.34482860,0.55317850
73.67999844,0.36228520,0.55317850
73.75999844,0.36228520,0.55317850
73.83999844,0.37974180,0.55317850
73.91999844,0.37974180,0.54438920
73.99999844,0.37974180,0.54438920
74.07999844,0.39716790,0.54438920
74.15999844,0.39716790,0.53559980
74.23999844,0.40589620,0.52681050
74.31999844,0.40589620,0.51802120
74.39999844,0.41462450,0.50923190
74.47999844,0.41462450,0.50044250
74.55999844,0.41462450,0.49165320
74.63999844,0.41462450,0.48286380
74.71999844,0.41462450,0.48286380
74.79999844,0.41462450,0.46528520
74.87999844,0.41462450,0.44770650
74.95999844,0.41462450,0.42133850
75.03999844,0.41462450,0.40379040
75.11999844,0.41462450,0.37742240
75.19999843,0.41462450,0.36863310
75.27999843,0.40589620,0.35105440
75.35999843,0.40589620,0.34226510
75.43999843,0.39716790,0.34226510
75.51999843,0.38843960,0.31589710
75.59999843,0.37974180,0.28952910
75.67999843,0.37974180,0.27198090
75.75999843,0.36228520,0.23682360
75.83999843,0.36228520,0.22803430
75.91999843,0.35355690,0.20166630
75.99999843,0.33610030,0.18408760
76.07999843,0.32737200,0.17529830
76.15999843,0.31864370,0.14014100
76.23999843,0.30991550,0.11380350
76.31999843,0.29245890,0.08743553
76.39999843,0.28373060,0.06106754
76.47999843,0.26627400,0.03469954
76.55999843,0.25754570,0.01712088
76.63999843,0.24008910,0.00833155
76.71999843,0.22263250,-0.00921659
76.79999842,0.20517590,-0.02676473
76.87999842,0.19647820,-0.06192205
76.95999842,0.17902160,-0.08829005
77.03999842,0.17029330,-0.11465800
77.11999842,0.15283670,-0.14102600
77.19999842,0.13538010,-0.14981540
77.27999842,0.11792350,-0.17615280
77.35999842,0.10046690,-0.18494220
77.43999842,0.08301035,-0.21131020
77.51999842,0.06555375,-0.23767820
77.59999842,0.04809717,-0.26404610
77.67999842,0.03936888,-0.28162480
77.75999842,0.01321451,-0.30796230
77.83999842,0.00451674,-0.31675160
77.91999842,-0.01293985,-0.32554090
77.99999842,-0.03039644,-0.33433030
78.07999842,-0.04785302,-0.35190890
78.15999842,-0.05658132,-0.36948760
78.23999842,-0.08276620,-0.38706620
78.31999842,-0.09149449,-0.39585560
78.39999842,-0.10895110,-0.42222360
78.47999841,-0.12640770,-0.43101290
78.55999841,-0.14386430,-0.43101290
78.63999841,-0.16132080,-0.43977170
78.71999841,-0.17874690,-0.46613970
78.79999841,-0.18747520,-0.47492900
78.87999841,-0.20493180,-0.48371840
78.95999841,-0.22238840,-0.49250770
79.03999841,-0.23111670,-0.50129710
79.11999841,-0.24857330,-0.51008640
79.19999841,-0.25730150,-0.51008640
79.27999841,-0.26602980,-0.51887570
79.35999841,-0.28348640,-0.51887570
79.43999841,-0.29221470,-0.51887570
79.51999841,-0.30094300,-0.52766500
79.59999841,-0.31839960,-0.52766500
79.67999841,-0.32712790,-0.52766500
79.75999841,-0.33585620,-0.52766500
79.83999841,-0.34458450,-0.52766500
79.91999841,-0.35331280,-0.52766500
79.99999841,-0.35331280,-0.52766500
80.07999840,-0.36201060,-0.51887570
80.15999840,-0.37073890,-0.51008640
80.23999840,-0.37073890,-0.50129710
80.31999840,-0.38819550,-0.50129710
80.39999840,-0.38819550,-0.50129710
80.47999840,-0.38819550,-0.49250770
80.55999840,-0.39692370,-0.48371840
80.63999840,-0.40565200,-0.48371840
80.71999840,-0.39692370,-0.46613970
80.79999840,-0.40565200,-0.45735040
80.87999840,-0.40565200,-0.44856100
80.95999840,-0.40565200,-0.43101290
81.03999840,-0.40565200,-0.42222360
81.11999840,-0.40565200,-0.41343420
81.19999840,-0.40565200,-0.40464490
81.27999840,-0.40565200,-0.38706620
81.35999840,-0.39692370,-0.36948760
81.43999840,-0.38819550,-0.35190890
81.51999840,-0.38819550,-0.32554090
81.59999840,-0.38819550,-0.31675160
81.67999840,-0.37073890,-0.29041410
81.75999839,-0.37073890,-0.28162480
81.83999839,-0.37073890,-0.27283550
81.91999839,-0.35331280,-0.25525680
81.99999839,-0.35331280,-0.22888880
82.07999839,-0.34458450,-0.21131020
82.15999839,-0.33585620,-0.18494220
82.23999839,-0.32712790,-0.16736350
82.31999839,-0.31839960,-0.14981540
82.39999839,-0.30094300,-0.13223670
82.47999839,-0.30094300,-0.11465800
82.55999839,-0.28348640,-0.10586870
82.63999839,-0.27475810,-0.07950072
82.71999839,-0.26602980,-0.05313272
82.79999839,-0.24857330,-0.03555406
82.87999839,-0.23111670,-0.00921659
82.95999839,-0.22238840,0.00833155
83.03999839,-0.21366010,0.02591021
83.11999839,-0.19620350,0.05227821
83.19999839,-0.17874690,0.06106754
83.27999839,-0.16132080,0.07864620
83.35999838,-0.15259250,0.10501420
83.43999838,-0.13513600,0.13138220
83.51999838,-0.12640770,0.14893030
83.59999838,-0.10895110,0.16650900
83.67999838,-0.09149449,0.18408760
83.75999838,-0.07403790,0.20166630
83.83999838,-0.05658132,0.21924500
83.91999838,-0.03912473,0.24561300
83.99999838,-0.03039644,0.27198090
84.07999838,-0.01293985,0.28952910
84.15999838,-0.00421155,0.30710770
84.23999838,0.01321451,0.32468640
84.31999838,0.03064058,0.34226510
84.39999838,0.04809717,0.35105440
84.47999838,0.06555375,0.36863310
84.55999838,0.08301035,0.37742240
84.63999838,0.10046690,0.39500110
84.71999838,0.11792350,0.41257970
84.79999838,0.13538010,0.43012790
84.87999838,0.14410840,0.44770650
84.95999838,0.16156500,0.45649590
85.03999837,0.17029330,0.46528520
85.11999837,0.18774990,0.48286380
85.19999837,0.20517590,0.48286380
85.27999837,0.22263250,0.50044250
85.35999837,0.23136080,0.51802120
85.43999837,0.24008910,0.51802120
85.51999837,0.25754570,0.52681050
85.59999837,0.27500230,0.53559980
85.67999837,0.29245890,0.53559980
85.75999837,0.29245890,0.55317850
85.83999837,0.30991550,0.54438920
85.91999837,0.31864370,0.55317850
85.99999837,0.32737200,0.55317850
86.07999837,0.33610030,0.55317850
86.15999837,0.35355690,0.55317850
86.23999837,0.36228520,0.55317850
86.31999837,0.37101350,0.55317850
86.39999837,0.37974180,0.55317850
86.47999837,0.37974180,0.54438920
86.55999837,0.38843960,0.53559980
86.63999837,0.39716790,0.52681050
86.71999836,0.39716790,0.51802120
86.79999836,0.40589620,0.51802120
86.87999836,0.41462450,0.50923190
86.95999836,0.41462450,0.50044250
87.03999836,0.41462450,0.50044250
87.11999836,0.41462450,0.48286380
87.19999836,0.41462450,0.47407450
87.27999836,0.41462450,0.45649590
87.35999836,0.41462450,0.44770650
87.43999836,0.41462450,0.43012790
87.51999836,0.41462450,0.41257970
87.59999836,0.41462450,0.40379040
87.67999836,0.41462450,0.39500110
87.75999836,0.40589620,0.37742240
87.83999836,0.39716790,0.34226510
87.91999836,0.39716790,0.32468640
87.99999836,0.39716790,0.29831840
88.07999836,0.38843960,0.28073980
88.15999836,0.37974180,0.26319160
88.23999836,0.37101350,0.24561300
88.31999835,0.36228520,0.23682360
88.39999835,0.36228520,0.21924500
88.47999835,0.34482860,0.19287700
88.55999835,0.32737200,0.16650900
88.63999835,0.31864370,0.13138220
88.71999835,0.30991550,0.11380350
88.79999835,0.29245890,0.09622486
88.87999835,0.29245890,0.06985687
88.95999835,0.27500230,0.06106754
89.03999835,0.25754570,0.04348888
89.11999835,0.24008910,0.01712088
89.19999835,0.23136080,-0.01797540
89.27999835,0.21390420,-0.04434339
89.35999835,0.20517590,-0.06192205
89.43999835,0.18774990,-0.07950072
89.51999835,0.17029330,-0.10586870
89.59999835,0.15283670,-0.11465800
89.67999835,0.13538010,-0.14102600
89.75999835,0.11792350,-0.16736350
89.83999835,0.10046690,-0.19373150
89.91999835,0.09173864,-0.22009950
89.99999834,0.06555375,-0.23767820
90.07999834,0.05682547,-0.25525680
90.15999834,0.03936888,-0.26404610
90.23999834,0.02191229,-0.28162480
90.31999834,0.01321451,-0.29041410
90.39999834,-0.01293985,-0.32554090
90.47999834,-0.02166814,-0.34311960
90.55999834,-0.03912473,-0.36069830
90.63999834,-0.05658132,-0.38706620
90.71999834,-0.07403790,-0.39585560
90.79999834,-0.09149449,-0.40464490
90.87999834,-0.10895110,-0.41343420
90.95999834,-0.12640770,-0.42222360
91.03999834,-0.14386430,-0.43977170
91.11999834,-0.16132080,-0.45735040
91.19999834,-0.17004910,-0.46613970
91.27999834,-0.18747520,-0.47492900
91.35999834,-0.20493180,-0.48371840
91.43999834,-0.21366010,-0.49250770
91.51999834,-0.23111670,-0.49250770
91.59999833,-0.24857330,-0.50129710
91.67999833,-0.25730150,-0.50129710
91.75999833,-0.26602980,-0.51008640
91.83999833,-0.28348640,-0.51887570
91.91999833,-0.29221470,-0.51887570
91.99999833,-0.30094300,-0.52766500
92.07999833,-0.30094300,-0.52766500
92.15999833,-0.31839960,-0.51887570
92.23999833,-0.32712790,-0.52766500
92.31999833,-0.33585620,-0.52766500
92.39999833,-0.35331280,-0.52766500
92.47999833,-0.35331280,-0.52766500
92.55999833,-0.37073890,-0.51887570
92.63999833,-0.37073890,-0.51887570
92.71999833,-0.37946720,-0.51008640
92.79999833,-0.38819550,-0.50129710
92.87999833,-0.38819550,-0.50129710
92.95999833,-0.38819550,-0.49250770
93.03999833,-0.38819550,-0.48371840
93.11999833,-0.39692370,-0.46613970
93.19999833,-0.40565200,-0.46613970
93.27999832,-0.40565200,-0.44856100
93.35999832,-0.40565200,-0.43977170
93.43999832,-0.40565200,-0.43101290
93.51999832,-0.40565200,-0.43101290
93.59999832,-0.39692370,-0.42222360
93.67999832,-0.40565200,-0.40464490
93.75999832,-0.39692370,-0.38706620
93.83999832,-0.39692370,-0.36948760
93.91999832,-0.38819550,-0.36069830
93.99999832,-0.38819550,-0.34311960
94.07999832,-0.38819550,-0.32554090
94.15999832,-0.37946720,-0.31675160
94.23999832,-0.37073890,-0.29041410
94.31999832,-0.37073890,-0.27283550
94.39999832,-0.35331280,-0.24646750
94.47999832,-0.35331280,-0.22888880
94.55999832,-0.34458450,-0.21131020
94.63999832,-0.33585620,-0.18494220
94.71999832,-0.32712790,-0.18494220
94.79999832,-0.31839960,-0.16736350
94.87999831,-0.30094300,-0.14981540
94.95999831,-0.30094300,-0.11465800
95.03999831,-0.28348640,-0.09707938
95.11999831,-0.27475810,-0.07950072
95.19999831,-0.26602980,-0.05313272
95.27999831,-0.24857330,-0.03555406
95.35999831,-0.23984500,-0.00921659
95.43999831,-0.23111670,-0.00921659
95.51999831,-0.21366010,0.01712088
95.59999831,-0.19620350,0.04348888
95.67999831,-0.17874690,0.06106754
95.75999831,-0.17004910,0.08743553
95.83999831,-0.15259250,0.10501420
95.91999831,-0.14386430,0.13138220
95.99999831,-0.12640770,0.14014100
96.07999831,-0.10895110,0.16650900
96.15999831,-0.09149449,0.17529830
96.23999831,-0.07403790,0.20166630
96.31999831,-0.06530961,0.22803430
96.39999831,-0.04785302,0.24561300
96.47999831,-0.03039644,0.26319160
96.55999830,-0.02166814,0.28073980
96.63999830,-0.00421155,0.29831840
96.71999830,0.01321451,0.30710770
96.79999830,0.03064058,0.33347570
96.87999830,0.04809717,0.35105440
96.95999830,0.06555375,0.37742240
97.03999830,0.08301035,0.38621170
97.11999830,0.09173864,0.40379040
97.19999830,0.10919520,0.42133850
97.27999830,0.12665180,0.43012790
97.35999830,0.14410840,0.44770650
97.43999830,0.15283670,0.44770650
97.51999830,0.17029330,0.45649590
97.59999830,0.18774990,0.48286380
97.67999830,0.20517590,0.49165320
97.75999830,0.21390420,0.50044250
97.83999830,0.23136080,0.50923190
97.91999830,0.24008910,0.51802120
97.99999830,0.25754570,0.51802120
98.07999830,0.26627400,0.52681050
98.15999829,0.28373060,0.52681050
98.23999829,0.29245890,0.54438920
98.31999829,0.30991550,0.54438920
98.39999829,0.30991550,0.55317850
98.47999829,0.32737200,0.55317850
98.55999829,0.34482860,0.55317850
98.63999829,0.34482860,0.55317850
98.71999829,0.36228520,0.55317850
98.79999829,0.36228520,0.54438920
98.87999829,0.37101350,0.54438920
98.95999829,0.37974180,0.53559980
99.03999829,0.38843960,0.52681050
99.11999829,0.39716790,0.52681050
99.19999829,0.39716790,0.51802120
99.27999829,0.40589620,0.51802120
99.35999829,0.40589620,0.51802120
99.43999829,0.41462450,0.50923190
99.51999829,0.41462450,0.49165320
99.59999829,0.41462450,0.48286380
99.67999829,0.41462450,0.47407450
99.75999829,0.41462450,0.45649590
99.83999828,0.41462450,0.44770650
99.91999828,0.41462450,0.44770650
99.99999828,0.41462450,0.43891720
100.07999828,0.41462450,0.41257970
100.15999828,0.41462450,0.38621170
100.23999828,0.41462450,0.36863310
100.31999828,0.40589620,0.35105440
100.39999828,0.39716790,0.34226510
100.47999828,0.39716790,0.31589710
100.55999828,0.39716790,0.30710770
100.63999828,0.37974180,0.28952910
100.71999828,0.36228520,0.25440230
100.79999828,0.36228520,0.23682360
100.87999828,0.36228520,0.20166630
100.95999828,0.34482860,0.17529830
101.03999828,0.33610030,0.15771970
101.11999828,0.32737200,0.14014100
101.19999828,0.30991550,0.12259290
101.27999828,0.29245890,0.11380350
101.35999828,0.28373060,0.07864620
101.43999828,0.27500230,0.05227821
101.51999827,0.25754570,0.01712088
101.59999827,0.24881740,-0.00045778
101.67999827,0.23136080,-0.01797540
101.75999827,0.22263250,-0.03555406
101.83999827,0.20517590,-0.04434339
101.91999827,0.18774990,-0.06192205
101.99999827,0.17029330,-0.08829005
102.07999827,0.15283670,-0.11465800
102.15999827,0.13538010,-0.14981540
102.23999827,0.12665180,-0.16736350
102.31999827,0.10919520,-0.18494220
102.39999827,0.09173864,-0.20252080
102.47999827,0.08301035,-0.22009950
102.55999827,0.06555375,-0.22888880
102.63999827,0.04809717,-0.25525680
102.71999827,0.03064058,-0.27283550
102.79999827,0.01321451,-0.29041410
102.87999827,-0.00421155,-0.31675160
102.95999827,-0.02166814,-0.33433030
103.03999827,-0.03912473,-0.35190890
103.11999826,-0.05658132,-0.36069830
103.19999826,-0.07403790,-0.36948760
103.27999826,-0.09149449,-0.38706620
