Time,Channel B
(ms),(V)

-1.99867296,0.09338664
-1.99355296,-0.08789331
-1.98843296,0.09338664
-1.98331296,0.09338664
-1.97819296,0.09338664
-1.97307296,0.09338664
-1.96795296,0.09338664
-1.96283296,0.09338664
-1.95771296,0.09338664
-1.95259296,0.09338664
-1.94747296,0.09338664
-1.94235296,0.09338664
-1.93723296,0.09338664
-1.93211296,0.09338664
-1.92699296,0.09338664
-1.92187296,0.09338664
-1.91675296,-0.08789331
-1.91163296,0.09338664
-1.90651296,-0.08789331
-1.90139296,0.09338664
-1.89627296,0.09338664
-1.89115296,0.09338664
-1.88603296,0.09338664
-1.88091296,0.09338664
-1.87579296,0.09338664
-1.87067296,0.09338664
-1.86555296,0.09338664
-1.86043296,0.09338664
-1.85531296,0.09338664
-1.85019296,0.09338664
-1.84507296,0.09338664
-1.83995296,0.09338664
-1.83483296,-0.08789331
-1.82971296,0.09338664
-1.82459296,0.09338664
-1.81947296,0.09338664
-1.81435296,-0.08789331
-1.80923296,-0.08789331
-1.80411296,0.09338664
-1.79899296,0.09338664
-1.79387296,0.09338664
-1.78875296,-0.08789331
-1.78363296,0.09338664
-1.77851296,0.09338664
-1.77339296,-0.08789331
-1.76827296,0.09338664
-1.76315296,0.09338664
-1.75803296,-0.08789331
-1.75291296,0.09338664
-1.74779296,0.09338664
-1.74267296,0.09338664
-1.73755296,0.09338664
-1.73243296,0.09338664
-1.72731296,-0.08789331
-1.72219296,0.09338664
-1.71707296,0.09338664
-1.71195296,-0.08789331
-1.70683296,0.09338664
-1.70171296,0.09338664
-1.69659296,0.09338664
-1.69147296,0.09338664
-1.68635296,-0.08789331
-1.68123296,0.09338664
-1.67611296,0.09338664
-1.67099296,-0.08789331
-1.66587296,-0.08789331
-1.66075296,0.09338664
-1.65563296,0.09338664
-1.65051296,0.09338664
-1.64539296,0.09338664
-1.64027296,0.09338664
-1.63515296,0.09338664
-1.63003296,0.09338664
-1.62491296,0.09338664
-1.61979296,0.09338664
-1.61467296,0.09338664
-1.60955296,-0.08789331
-1.60443296,0.09338664
-1.59931296,0.09338664
-1.59419296,0.09338664
-1.58907296,0.09338664
-1.58395296,0.09338664
-1.57883296,0.09338664
-1.57371296,-0.08789331
-1.56859296,0.09338664
-1.56347296,0.09338664
-1.55835296,0.09338664
-1.55323296,-0.08789331
-1.54811296,-0.08789331
-1.54299296,0.09338664
-1.53787296,0.09338664
-1.53275296,0.09338664
-1.52763296,-0.08789331
-1.52251296,-0.08789331
-1.51739296,0.09338664
-1.51227296,0.09338664
-1.50715296,0.09338664
-1.50203296,0.09338664
-1.49691296,-0.08789331
-1.49179296,-0.08789331
-1.48667296,0.09338664
-1.48155296,-0.08789331
-1.47643296,0.09338664
-1.47131296,-0.08789331
-1.46619296,0.09338664
-1.46107296,0.09338664
-1.45595296,-0.08789331
-1.45083296,0.09338664
-1.44571296,0.09338664
-1.44059296,0.09338664
-1.43547296,-0.08789331
-1.43035296,-0.08789331
-1.42523296,0.09338664
-1.42011296,0.09338664
-1.41499296,0.09338664
-1.40987296,0.09338664
-1.40475296,-0.08789331
-1.39963296,0.09338664
-1.39451296,0.09338664
-1.38939296,0.09338664
-1.38427296,0.09338664
-1.37915296,0.09338664
-1.37403296,0.09338664
-1.36891296,0.09338664
-1.36379296,0.09338664
-1.35867296,0.09338664
-1.35355296,-0.08789331
-1.34843296,0.09338664
-1.34331296,0.09338664
-1.33819296,-0.08789331
-1.33307296,0.09338664
-1.32795296,0.09338664
-1.32283296,0.09338664
-1.31771296,-0.08789331
-1.31259296,0.09338664
-1.30747296,0.09338664
-1.30235296,0.09338664
-1.29723296,-0.08789331
-1.29211296,-0.08789331
-1.28699296,0.09338664
-1.28187296,0.09338664
-1.27675296,0.09338664
-1.27163296,0.09338664
-1.26651296,0.09338664
-1.26139296,0.09338664
-1.25627296,0.09338664
-1.25115296,0.09338664
-1.24603296,0.09338664
-1.24091296,0.09338664
-1.23579296,0.09338664
-1.23067296,0.09338664
-1.22555297,0.09338664
-1.22043297,0.09338664
-1.21531297,0.09338664
-1.21019297,0.09338664
-1.20507297,0.09338664
-1.19995297,0.09338664
-1.19483297,0.09338664
-1.18971297,-0.08789331
-1.18459297,0.09338664
-1.17947297,-0.08789331
-1.17435297,-0.08789331
-1.16923297,0.09338664
-1.16411297,0.09338664
-1.15899297,0.09338664
-1.15387297,0.09338664
-1.14875297,0.09338664
-1.14363297,0.09338664
-1.13851297,0.09338664
-1.13339297,-0.08789331
-1.12827297,-0.08789331
-1.12315297,0.09338664
-1.11803297,0.09338664
-1.11291297,0.09338664
-1.10779297,0.09338664
-1.10267297,0.09338664
-1.09755297,0.09338664
-1.09243297,0.09338664
-1.08731297,0.09338664
-1.08219297,-0.08789331
-1.07707297,0.09338664
-1.07195297,0.09338664
-1.06683297,0.09338664
-1.06171297,0.09338664
-1.05659297,0.09338664
-1.05147297,0.09338664
-1.04635297,0.09338664
-1.04123297,-0.08789331
-1.03611297,0.09338664
-1.03099297,0.09338664
-1.02587297,0.09338664
-1.02075297,0.09338664
-1.01563297,-0.08789331
-1.01051297,-0.08789331
-1.00539297,0.09338664
-1.00027297,-0.08789331
-0.99515297,-0.08789331
-0.99003297,0.09338664
-0.98491297,0.09338664
-0.97979297,0.09338664
-0.97467297,0.09338664
-0.96955297,-0.08789331
-0.96443297,0.09338664
-0.95931297,0.09338664
-0.95419297,0.09338664
-0.94907297,0.09338664
-0.94395297,0.09338664
-0.93883297,-0.08789331
-0.93371297,0.09338664
-0.92859297,0.09338664
-0.92347297,0.09338664
-0.91835297,-0.08789331
-0.91323297,0.09338664
-0.90811297,0.09338664
-0.90299297,0.09338664
-0.89787297,0.09338664
-0.89275297,0.09338664
-0.88763297,0.09338664
-0.88251297,0.09338664
-0.87739297,0.09338664
-0.87227297,0.09338664
-0.86715297,0.09338664
-0.86203297,0.09338664
-0.85691297,0.09338664
-0.85179297,0.09338664
-0.84667297,-0.08789331
-0.84155297,-0.08789331
-0.83643297,-0.08789331
-0.83131297,0.09338664
-0.82619297,-0.08789331
-0.82107297,0.09338664
-0.81595297,-0.08789331
-0.81083297,-0.08789331
-0.80571297,-0.08789331
-0.80059297,-0.08789331
-0.79547297,0.09338664
-0.79035297,0.09338664
-0.78523297,0.09338664
-0.78011297,0.09338664
-0.77499297,0.09338664
-0.76987297,0.09338664
-0.76475297,0.09338664
-0.75963297,0.09338664
-0.75451297,0.09338664
-0.74939297,0.09338664
-0.74427297,-0.08789331
-0.73915297,0.09338664
-0.73403297,0.09338664
-0.72891297,-0.08789331
-0.72379297,0.09338664
-0.71867297,0.09338664
-0.71355297,0.09338664
-0.70843297,-0.08789331
-0.70331297,0.09338664
-0.69819297,0.09338664
-0.69307297,-0.08789331
-0.68795297,0.09338664
-0.68283297,0.09338664
-0.67771297,-0.08789331
-0.67259297,0.09338664
-0.66747297,0.09338664
-0.66235297,0.09338664
-0.65723297,0.09338664
-0.65211297,0.09338664
-0.64699297,0.09338664
-0.64187297,0.09338664
-0.63675297,0.09338664
-0.63163297,0.09338664
-0.62651297,0.09338664
-0.62139297,0.09338664
-0.61627297,0.09338664
-0.61115297,0.09338664
-0.60603297,-0.08789331
-0.60091297,0.09338664
-0.59579297,0.09338664
-0.59067297,0.09338664
-0.58555297,-0.08789331
-0.58043297,-0.08789331
-0.57531297,0.09338664
-0.57019297,0.09338664
-0.56507297,0.09338664
-0.55995297,0.09338664
-0.55483297,0.09338664
-0.54971297,0.09338664
-0.54459297,0.09338664
-0.53947297,0.09338664
-0.53435297,-0.08789331
-0.52923297,0.09338664
-0.52411297,0.09338664
-0.51899297,0.09338664
-0.51387297,0.09338664
-0.50875297,0.09338664
-0.50363297,0.09338664
-0.49851297,0.09338664
-0.49339297,0.09338664
-0.48827297,0.09338664
-0.48315297,0.09338664
-0.47803297,0.09338664
-0.47291297,0.09338664
-0.46779297,0.09338664
-0.46267297,0.09338664
-0.45755297,0.09338664
-0.45243297,-0.08789331
-0.44731297,0.09338664
-0.44219297,-0.08789331
-0.43707297,0.09338664
-0.43195297,0.09338664
-0.42683297,0.09338664
-0.42171297,0.09338664
-0.41659297,0.09338664
-0.41147297,0.09338664
-0.40635297,0.09338664
-0.40123297,0.09338664
-0.39611297,0.09338664
-0.39099297,0.09338664
-0.38587297,0.09338664
-0.38075297,0.09338664
-0.37563297,0.09338664
-0.37051297,-0.08789331
-0.36539297,0.09338664
-0.36027297,0.09338664
-0.35515297,0.09338664
-0.35003297,-0.08789331
-0.34491297,-0.08789331
-0.33979297,0.09338664
-0.33467297,0.09338664
-0.32955297,0.09338664
-0.32443297,0.09338664
-0.31931297,0.09338664
-0.31419297,0.09338664
-0.30907297,0.09338664
-0.30395297,0.09338664
-0.29883297,0.09338664
-0.29371297,0.09338664
-0.28859297,0.09338664
-0.28347297,0.09338664
-0.27835297,-0.08789331
-0.27323297,0.09338664
-0.26811297,0.09338664
-0.26299297,0.09338664
-0.25787297,-0.08789331
-0.25275297,-0.08789331
-0.24763297,0.09338664
-0.24251297,-0.08789331
-0.23739297,-0.08789331
-0.23227297,0.09338664
-0.22715297,-0.08789331
-0.22203297,0.09338664
-0.21691297,0.09338664
-0.21179297,-0.08789331
-0.20667297,-0.08789331
-0.20155297,0.09338664
-0.19643297,0.09338664
-0.19131297,0.09338664
-0.18619297,0.09338664
-0.18107297,0.09338664
-0.17595297,0.09338664
-0.17083297,-0.08789331
-0.16571297,0.09338664
-0.16059297,0.09338664
-0.15547297,0.09338664
-0.15035297,0.09338664
-0.14523297,0.09338664
-0.14011297,0.09338664
-0.13499297,0.09338664
-0.12987297,0.09338664
-0.12475297,0.09338664
-0.11963297,0.09338664
-0.11451297,-0.08789331
-0.10939297,0.09338664
-0.10427297,0.09338664
-0.09915297,0.09338664
-0.09403297,0.09338664
-0.08891297,0.09338664
-0.08379297,-0.08789331
-0.07867297,0.09338664
-0.07355297,0.09338664
-0.06843297,0.09338664
-0.06331297,0.09338664
-0.05819297,-0.08789331
-0.05307297,-0.44923250
-0.04795297,-0.99246190
-0.04283297,-1.53508100
-0.03771297,-2.07770000
-0.03259297,-2.43965000
-0.02747297,-2.80159900
-0.02235297,-2.98226900
-0.01723297,-2.80159900
-0.01211297,-2.43965000
-0.00699297,-1.71575100
-0.00187297,-0.63051240
0.00324703,0.45472580
0.00836703,1.72063400
0.01348703,3.16782100
0.01860703,4.43434000
0.02372703,5.70085800
0.02884703,6.60542600
0.03396703,7.14804500
0.03908703,7.32871500
0.04420703,7.14804500
0.04932703,6.42414600
0.05444703,5.33890800
0.05956703,3.71105100
0.06468703,1.72063400
0.06980703,-0.44923250
0.07492703,-2.80159900
0.08004703,-4.97207500
0.08516703,-7.14316200
0.09028703,-8.95229900
0.09540703,-10.21882000
0.10052703,-10.94211000
0.10564703,-11.12339000
0.11076703,-10.58016000
0.11588703,-9.31424900
0.12100703,-7.50511200
0.12612703,-5.33402500
0.13124703,-2.43965000
0.13636703,0.45472580
0.14148703,3.34910100
0.14660703,6.42414600
0.15172703,8.95718300
0.15684703,11.12827000
0.16196703,12.75613000
0.16708703,13.48003000
0.17220703,13.66070000
0.17732703,12.93680000
0.18244703,11.48961000
0.18756703,9.31913200
0.19268703,6.60542600
0.19780703,3.34910100
0.20292703,-0.08789331
0.20804703,-3.52488800
0.21316703,-6.96249300
0.21828703,-9.85686800
0.22340703,-12.20862000
0.22852703,-14.01776000
0.23364703,-14.92233000
0.23876703,-15.10300000
0.24388703,-14.37971000
0.24900703,-12.57057000
0.25412703,-10.21882000
0.25924703,-7.32383200
0.26436703,-3.88683700
0.26948703,-0.26856290
0.27460703,3.34910100
0.27972703,6.78609600
0.28484703,9.86175200
0.28996703,12.39418000
0.29508703,14.02264000
0.30020703,15.10788000
0.30532703,15.10788000
0.31044703,14.20331000
0.31556703,12.75613000
0.32068703,10.40437000
0.32580703,7.69066400
0.33092703,4.25367000
0.33604703,0.81606500
0.34116703,-2.80159900
0.34628703,-6.05792400
0.35140703,-8.95229900
0.35652703,-11.30406000
0.36164703,-12.93191000
0.36676703,-13.83648000
0.37188703,-14.01776000
0.37700703,-13.29386000
0.38212703,-11.84667000
0.38724703,-9.85686800
0.39236703,-7.32383200
0.39748703,-4.24878700
0.40260703,-1.17313100
0.40772703,1.90191400
0.41284703,4.97695900
0.41796702,7.32871500
0.42308702,9.49980200
0.42820702,10.94699000
0.43332702,11.85156000
0.43844702,11.85156000
0.44356702,11.30894000
0.44868702,10.22370000
0.45380702,8.41456300
0.45892702,6.42414600
0.46404702,4.07239000
0.46916702,1.35868400
0.47428702,-0.99246190
0.47940702,-3.52488800
0.48452702,-5.51469500
0.48964702,-7.14316200
0.49476702,-8.22840000
0.49988702,-8.95229900
0.50500702,-8.95229900
0.51012702,-8.59035000
0.51524702,-7.86645100
0.52036702,-6.41926300
0.52548702,-4.97207500
0.53060702,-3.34421800
0.53572702,-1.53508100
0.54084702,0.27405620
0.54596702,1.90191400
0.55108702,3.34910100
0.55620702,4.43434000
0.56132702,5.15823800
0.56644702,5.51957800
0.57156702,5.70085800
0.57668702,5.51957800
0.58180702,4.97695900
0.58692702,4.25367000
0.59204702,3.34910100
0.59716702,2.44453300
0.60228702,1.35868400
0.60740702,0.45472580
0.61252702,-0.26856290
0.61764702,-0.99246190
0.62276702,-1.53508100
0.62788702,-1.71575100
0.63300702,-2.07770000
0.63812702,-2.07770000
0.64324702,-2.07770000
0.64836702,-1.71575100
0.65348702,-1.53508100
0.65860702,-1.35380100
0.66372702,-1.35380100
0.66884702,-1.17313100
0.67396702,-0.99246190
0.67908702,-0.99246190
0.68420702,-0.99246190
0.68932702,-1.17313100
0.69444702,-1.35380100
0.69956702,-1.35380100
0.70468702,-1.35380100
0.70980702,-1.35380100
0.71492702,-1.35380100
0.72004702,-0.99246190
0.72516702,-0.63051240
0.73028702,0.09338664
0.73540702,0.63539530
0.74052702,1.35868400
0.74564702,2.08258300
0.75076702,2.80648200
0.75588702,3.52977100
0.76100702,4.07239000
0.76612702,4.43434000
0.77124702,4.61500900
0.77636702,4.43434000
0.78148702,4.07239000
0.78660702,3.34910100
0.79172702,2.44453300
0.79684702,1.35868400
0.80196702,0.09338664
0.80708702,-1.35380100
0.81220702,-2.80159900
0.81732702,-4.06750700
0.82244702,-5.33402500
0.82756702,-6.23859400
0.83268702,-6.96249300
0.83780702,-7.14316200
0.84292702,-6.96249300
0.84804702,-6.41926300
0.85316702,-5.33402500
0.85828702,-4.06750700
0.86340702,-2.43965000
0.86852702,-0.63051240
0.87364702,1.17801500
0.87876702,2.98715200
0.88388702,4.79628900
0.88900702,6.42414600
0.89412702,7.69066400
0.89924702,8.59523300
0.90436702,8.77590300
0.90948702,8.77590300
0.91460702,8.05261400
0.91972702,6.96737600
0.92484702,5.51957800
0.92996702,3.52977100
0.93508702,1.53996400
0.94020702,-0.63051240
0.94532702,-2.98226900
0.95044702,-5.15335600
0.95556702,-6.96249300
0.96068702,-8.40968000
0.96580702,-9.31424900
0.97092702,-9.85686800
0.97604702,-9.67558900
0.98116702,-9.13296900
0.98628702,-7.86645100
0.99140702,-6.23859400
0.99652702,-4.24878700
1.00164702,-2.07770000
1.00676702,0.27405620
1.01188702,2.62520200
1.01700702,4.79628900
1.02212702,6.78609600
1.02724702,8.41456300
1.03236702,9.49980200
1.03748702,10.04242000
1.04260702,10.04242000
1.04772702,9.31913200
1.05284702,8.23328300
1.05796702,6.60542600
1.06308702,4.79628900
1.06820702,2.62520200
1.07332702,0.27405620
1.07844702,-2.07770000
1.08356702,-4.24878700
1.08868702,-6.05792400
1.09380702,-7.68578100
1.09892702,-8.77102000
1.10404702,-9.31424900
1.10916702,-9.31424900
1.11428702,-8.77102000
1.11940702,-7.86645100
1.12452702,-6.41926300
1.12964702,-4.79140600
1.13476702,-2.80159900
1.13988702,-0.63051240
1.14500702,1.35868400
1.15012702,3.34910100
1.15524702,4.97695900
1.16036702,6.42414600
1.16548702,7.32871500
1.17060702,7.87194400
1.17572702,8.05261400
1.18084702,7.69066400
1.18596702,6.96737600
1.19108702,5.88152700
1.19620702,4.43434000
1.20132702,2.80648200
1.20644702,1.17801500
1.21156702,-0.63051240
1.21668702,-2.07770000
1.22180702,-3.52488800
1.22692702,-4.61012600
1.23204702,-5.51469500
1.23716702,-6.05792400
1.24228702,-6.23859400
1.24740702,-5.87664400
1.25252702,-5.51469500
1.25764702,-4.79140600
1.26276702,-3.70555700
1.26788702,-2.62031900
1.27300702,-1.53508100
1.27812702,-0.26856290
1.28324702,0.81606500
1.28836702,1.90191400
1.29348702,2.80648200
1.29860702,3.34910100
1.30372702,3.71105100
1.30884702,4.07239000
1.31396702,3.89172000
1.31908702,3.71105100
1.32420702,3.34910100
1.32932702,2.80648200
1.33444702,2.26325300
1.33956702,1.53996400
1.34468702,0.99734490
1.34980702,0.27405620
1.35492702,-0.26856290
1.36004702,-0.63051240
1.36516702,-1.17313100
1.37028702,-1.35380100
1.37540702,-1.53508100
1.38052702,-1.71575100
1.38564702,-1.71575100
1.39076702,-1.53508100
1.39588702,-1.53508100
1.40100702,-1.53508100
1.40612702,-1.35380100
1.41124702,-1.35380100
1.41636702,-1.17313100
1.42148702,-1.17313100
1.42660702,-1.17313100
1.43172702,-0.99246190
1.43684702,-0.99246190
1.44196702,-0.63051240
1.44708702,-0.44923250
1.45220702,-0.26856290
1.45732702,-0.08789331
1.46244702,0.27405620
1.46756702,0.81606500
1.47268702,1.17801500
1.47780702,1.72063400
1.48292702,2.08258300
1.48804702,2.26325300
1.49316702,2.62520200
1.49828702,2.80648200
1.50340702,2.98715200
1.50852702,2.98715200
1.51364702,2.62520200
1.51876702,2.26325300
1.52388702,1.72063400
1.52900702,0.99734490
1.53412702,0.27405620
1.53924702,-0.63051240
1.54436702,-1.53508100
1.54948702,-2.43965000
1.55460702,-3.16293800
1.55972702,-3.88683700
1.56484702,-4.24878700
1.56996702,-4.61012600
1.57508702,-4.61012600
1.58020702,-4.42945600
1.58532702,-3.88683700
1.59044702,-2.98226900
1.59556702,-2.07770000
1.60068702,-0.99246190
1.60580702,0.09338664
1.61092702,1.35868400
1.61604702,2.62520200
1.62116702,3.71105100
1.62628702,4.61500900
1.63140702,5.33890800
1.63652702,5.70085800
1.64164702,5.88152700
1.64676702,5.70085800
1.65188702,5.15823800
1.65700702,4.25367000
1.66212702,2.98715200
1.66724702,1.90191400
1.67236702,0.45472580
1.67748702,-0.99246190
1.68260702,-2.43965000
1.68772702,-3.70555700
1.69284702,-4.79140600
1.69796702,-5.69597500
1.70308702,-6.23859400
1.70820702,-6.41926300
1.71332702,-6.41926300
1.71844702,-5.87664400
1.72356702,-4.97207500
1.72868702,-3.70555700
1.73380702,-2.43965000
1.73892702,-0.99246190
1.74404702,0.63539530
1.74916702,2.08258300
1.75428702,3.52977100
1.75940702,4.79628900
1.76452702,5.70085800
1.76964702,6.24347700
1.77476702,6.60542600
1.77988702,6.60542600
1.78500702,6.24347700
1.79012702,5.33890800
1.79524702,4.25367000
1.80036702,2.98715200
1.80548702,1.53996400
1.81060702,-0.08789331
1.81572702,-1.53508100
1.82084702,-2.98226900
1.82596702,-4.24878700
1.83108702,-5.15335600
1.83620702,-5.87664400
1.84132702,-6.23859400
1.84644702,-6.23859400
1.85156702,-5.87664400
1.85668702,-5.33402500
1.86180702,-4.24878700
1.86692702,-3.16293800
1.87204702,-1.89703100
1.87716702,-0.44923250
1.88228702,0.81606500
1.88740702,2.26325300
1.89252702,3.34910100
1.89764702,4.25367000
1.90276702,4.97695900
1.90788702,5.33890800
1.91300702,5.51957800
1.91812702,5.15823800
1.92324702,4.79628900
1.92836702,4.07239000
1.93348702,2.98715200
1.93860702,2.08258300
1.94372702,0.99734490
1.94884702,-0.26856290
1.95396702,-1.35380100
1.95908702,-2.25837000
1.96420702,-3.16293800
1.96932702,-3.70555700
1.97444702,-4.06750700
1.97956702,-4.24878700
1.98468702,-4.24878700
1.98980702,-3.88683700
1.99492702,-3.52488800
2.00004702,-2.80159900
2.00516702,-2.07770000
2.01028702,-1.17313100
2.01540702,-0.44923250
2.02052702,0.45472580
2.02564702,1.17801500
2.03076702,1.72063400
2.03588702,2.26325300
2.04100702,2.62520200
2.04612702,2.80648200
2.05124702,2.80648200
2.05636702,2.80648200
2.06148701,2.62520200
2.06660701,2.26325300
2.07172701,1.90191400
2.07684701,1.35868400
2.08196701,0.81606500
2.08708701,0.45472580
2.09220701,0.09338664
2.09732701,-0.26856290
2.10244701,-0.63051240
2.10756701,-0.99246190
2.11268701,-1.17313100
2.11780701,-1.35380100
2.12292701,-1.35380100
2.12804701,-1.53508100
2.13316701,-1.53508100
2.13828701,-1.35380100
2.14340701,-1.35380100
2.14852701,-1.35380100
2.15364701,-1.17313100
2.15876701,-0.99246190
2.16388701,-0.81118200
2.16900701,-0.63051240
2.17412701,-0.44923250
2.17924701,-0.26856290
2.18436701,-0.08789331
2.18948701,0.09338664
2.19460701,0.45472580
2.19972701,0.81606500
2.20484701,0.99734490
2.20996701,1.17801500
2.21508701,1.53996400
2.22020701,1.72063400
2.22532701,1.90191400
2.23044701,2.08258300
2.23556701,2.08258300
2.24068701,2.08258300
2.24580701,1.72063400
2.25092701,1.53996400
2.25604701,1.17801500
2.26116701,0.81606500
2.26628701,0.27405620
2.27140701,-0.26856290
2.27652701,-0.99246190
2.28164701,-1.35380100
2.28676701,-2.07770000
2.29188701,-2.43965000
2.29700701,-2.80159900
2.30212701,-2.98226900
2.30724701,-2.98226900
2.31236701,-2.98226900
2.31748701,-2.80159900
2.32260701,-2.07770000
2.32772701,-1.71575100
2.33284701,-0.99246190
2.33796701,-0.26856290
2.34308701,0.45472580
2.34820701,1.35868400
2.35332701,2.08258300
2.35844701,2.80648200
2.36356701,3.34910100
2.36868701,3.71105100
2.37380701,3.89172000
2.37892701,3.89172000
2.38404701,3.71105100
2.38916701,3.16782100
2.39428701,2.62520200
2.39940701,1.90191400
2.40452701,0.81606500
2.40964701,-0.08789331
2.41476701,-0.99246190
2.41988701,-1.89703100
2.42500701,-2.80159900
2.43012701,-3.52488800
2.43524701,-3.88683700
2.44036701,-4.24878700
2.44548701,-4.24878700
2.45060701,-4.06750700
2.45572701,-3.70555700
2.46084701,-3.16293800
2.46596701,-2.25837000
2.47108701,-1.35380100
2.47620701,-0.44923250
2.48132701,0.63539530
2.48644701,1.53996400
2.49156701,2.62520200
2.49668701,3.34910100
2.50180701,3.89172000
2.50692701,4.43434000
2.51204701,4.43434000
2.51716701,4.43434000
2.52228701,4.07239000
2.52740701,3.52977100
2.53252701,2.62520200
2.53764701,1.90191400
2.54276701,0.81606500
2.54788701,-0.08789331
2.55300701,-1.17313100
2.55812701,-2.07770000
2.56324701,-2.98226900
2.56836701,-3.52488800
2.57348701,-3.88683700
2.57860701,-4.06750700
2.58372701,-4.24878700
2.58884701,-3.88683700
2.59396701,-3.52488800
2.59908701,-2.80159900
2.60420701,-2.07770000
2.60932701,-1.17313100
2.61444701,-0.26856290
2.61956701,0.63539530
2.62468701,1.53996400
2.62980701,2.26325300
2.63492701,2.98715200
2.64004701,3.52977100
2.64516701,3.71105100
2.65028701,3.71105100
2.65540701,3.71105100
2.66052701,3.16782100
2.66564701,2.80648200
2.67076701,2.08258300
2.67588701,1.35868400
2.68100701,0.81606500
2.68612701,0.09338664
2.69124701,-0.81118200
2.69636701,-1.53508100
2.70148701,-2.07770000
2.70660701,-2.43965000
2.71172701,-2.80159900
2.71684701,-2.80159900
2.72196701,-2.98226900
2.72708701,-2.62031900
2.73220701,-2.43965000
2.73732701,-2.07770000
2.74244701,-1.35380100
2.74756701,-0.81118200
2.75268701,-0.26856290
2.75780701,0.09338664
2.76292701,0.81606500
2.76804701,1.17801500
2.77316701,1.53996400
2.77828701,1.90191400
2.78340701,2.08258300
2.78852701,2.08258300
2.79364701,2.08258300
2.79876701,1.90191400
2.80388701,1.72063400
2.80900701,1.53996400
2.81412701,1.17801500
2.81924701,0.81606500
2.82436701,0.45472580
2.82948701,0.09338664
2.83460701,-0.08789331
2.83972701,-0.44923250
2.84484701,-0.63051240
2.84996701,-0.99246190
2.85508701,-0.99246190
2.86020701,-1.17313100
2.86532701,-1.17313100
2.87044701,-1.35380100
2.87556701,-1.35380100
2.88068701,-1.17313100
2.88580701,-1.17313100
2.89092701,-0.99246190
2.89604701,-0.81118200
2.90116701,-0.63051240
2.90628701,-0.44923250
2.91140701,-0.26856290
2.91652701,-0.08789331
2.92164701,0.09338664
2.92676701,0.27405620
2.93188701,0.63539530
2.93700701,0.81606500
2.94212701,0.99734490
2.94724701,1.17801500
2.95236701,1.35868400
2.95748701,1.35868400
2.96260701,1.35868400
2.96772701,1.35868400
2.97284701,1.35868400
2.97796701,1.17801500
2.98308701,1.17801500
2.98820701,0.81606500
2.99332701,0.63539530
2.99844701,0.27405620
3.00356701,-0.08789331
3.00868701,-0.44923250
3.01380701,-0.99246190
3.01892701,-1.35380100
3.02404701,-1.53508100
3.02916701,-1.71575100
3.03428701,-1.89703100
3.03940701,-2.07770000
3.04452701,-1.89703100
3.04964701,-1.89703100
3.05476701,-1.53508100
3.05988701,-1.35380100
3.06500701,-0.81118200
3.07012701,-0.26856290
3.07524701,0.09338664
3.08036701,0.63539530
3.08548701,1.17801500
3.09060701,1.72063400
3.09572701,2.08258300
3.10084701,2.26325300
3.10596701,2.44453300
3.11108701,2.62520200
3.11620701,2.44453300
3.12132701,2.26325300
3.12644701,1.90191400
3.13156701,1.53996400
3.13668701,0.99734490
3.14180701,0.45472580
3.14692701,-0.26856290
3.15204701,-0.99246190
3.15716701,-1.35380100
3.16228701,-2.07770000
3.16740701,-2.43965000
3.17252701,-2.80159900
3.17764701,-2.98226900
3.18276701,-2.80159900
3.18788701,-2.80159900
3.19300701,-2.43965000
3.19812701,-1.89703100
3.20324701,-1.35380100
3.20836701,-0.63051240
3.21348701,-0.08789331
3.21860701,0.63539530
3.22372701,1.35868400
3.22884701,1.90191400
3.23396701,2.26325300
3.23908701,2.80648200
3.24420701,2.98715200
3.24932701,2.98715200
3.25444701,2.80648200
3.25956701,2.62520200
3.26468701,2.26325300
3.26980701,1.72063400
3.27492701,0.99734490
3.28004701,0.45472580
3.28516701,-0.26856290
3.29028701,-0.99246190
3.29540701,-1.53508100
3.30052701,-2.07770000
3.30564701,-2.43965000
3.31076701,-2.80159900
3.31588701,-2.80159900
3.32100701,-2.80159900
3.32612701,-2.62031900
3.33124701,-2.25837000
3.33636701,-1.71575100
3.34148701,-1.35380100
3.34660701,-0.63051240
3.35172701,-0.08789331
3.35684701,0.63539530
3.36196701,1.17801500
3.36708701,1.53996400
3.37220701,2.08258300
3.37732701,2.26325300
3.38244701,2.62520200
3.38756701,2.44453300
3.39268701,2.44453300
3.39780701,2.26325300
3.40292701,1.90191400
3.40804701,1.53996400
3.41316701,0.99734490
3.41828701,0.63539530
3.42340701,-0.08789331
3.42852701,-0.44923250
3.43364701,-0.99246190
3.43876701,-1.35380100
3.44388701,-1.71575100
3.44900701,-1.89703100
3.45412701,-2.07770000
3.45924701,-2.07770000
3.46436701,-1.89703100
3.46948701,-1.71575100
3.47460701,-1.35380100
3.47972701,-1.17313100
3.48484701,-0.63051240
3.48996701,-0.26856290
3.49508701,0.09338664
3.50020701,0.45472580
3.50532701,0.81606500
3.51044701,0.99734490
3.51556701,1.17801500
3.52068701,1.35868400
3.52580701,1.53996400
3.53092701,1.53996400
3.53604701,1.35868400
3.54116701,1.35868400
3.54628701,1.17801500
3.55140701,0.81606500
3.55652701,0.63539530
3.56164701,0.45472580
3.56676701,0.09338664
3.57188701,-0.08789331
3.57700701,-0.26856290
3.58212701,-0.63051240
3.58724701,-0.63051240
3.59236701,-0.81118200
3.59748701,-0.99246190
3.60260701,-0.99246190
3.60772701,-0.99246190
3.61284701,-0.99246190
3.61796701,-0.99246190
3.62308701,-0.99246190
3.62820701,-0.63051240
3.63332701,-0.63051240
3.63844701,-0.44923250
3.64356701,-0.26856290
3.64868701,-0.08789331
3.65380701,0.09338664
3.65892701,0.27405620
3.66404701,0.45472580
3.66916701,0.63539530
3.67428701,0.81606500
3.67940701,0.81606500
3.68452701,0.81606500
3.68964701,1.17801500
3.69476701,1.17801500
3.69988701,0.99734490
3.70500701,0.99734490
3.71012700,0.99734490
3.71524700,0.81606500
3.72036700,0.63539530
3.72548700,0.45472580
3.73060700,0.27405620
3.73572700,0.09338664
3.74084700,-0.26856290
3.74596700,-0.63051240
3.75108700,-0.81118200
3.75620700,-0.99246190
3.76132700,-1.17313100
3.76644700,-1.35380100
3.77156700,-1.35380100
3.77668700,-1.35380100
3.78180700,-1.35380100
3.78692700,-1.17313100
3.79204700,-0.99246190
3.79716700,-0.63051240
3.80228700,-0.44923250
3.80740700,-0.08789331
3.81252700,0.27405620
3.81764700,0.63539530
3.82276700,0.99734490
3.82788700,1.17801500
3.83300700,1.53996400
3.83812700,1.72063400
3.84324700,1.72063400
3.84836700,1.72063400
3.85348700,1.72063400
3.85860700,1.53996400
3.86372700,1.35868400
3.86884700,0.81606500
3.87396700,0.45472580
3.87908700,0.09338664
3.88420700,-0.26856290
3.88932700,-0.63051240
3.89444700,-1.17313100
3.89956700,-1.53508100
3.90468700,-1.71575100
3.90980700,-1.89703100
3.91492700,-1.89703100
3.92004700,-1.89703100
3.92516700,-1.71575100
3.93028700,-1.53508100
3.93540700,-1.17313100
3.94052700,-0.81118200
3.94564700,-0.26856290
3.95076700,0.09338664
3.95588700,0.45472580
3.96100700,0.99734490
3.96612700,1.35868400
3.97124700,1.72063400
3.97636700,1.90191400
3.98148700,2.08258300
3.98660700,2.08258300
3.99172700,1.90191400
3.99684700,1.72063400
4.00196700,1.53996400
4.00708700,0.99734490
4.01220700,0.81606500
4.01732700,0.27405620
4.02244700,-0.26856290
4.02756700,-0.63051240
4.03268700,-1.17313100
4.03780700,-1.53508100
4.04292700,-1.53508100
4.04804700,-1.71575100
4.05316700,-1.89703100
4.05828700,-1.89703100
4.06340700,-1.71575100
4.06852700,-1.53508100
4.07364700,-1.17313100
4.07876700,-0.81118200
4.08388700,-0.44923250
4.08900700,-0.08789331
4.09412700,0.45472580
4.09924700,0.81606500
4.10436700,1.17801500
4.10948700,1.35868400
4.11460700,1.53996400
4.11972700,1.72063400
4.12484700,1.72063400
4.12996700,1.72063400
4.13508700,1.53996400
4.14020700,1.35868400
4.14532700,0.99734490
4.15044700,0.81606500
4.15556700,0.27405620
4.16068700,-0.08789331
4.16580700,-0.26856290
4.17092700,-0.63051240
4.17604700,-0.99246190
4.18116700,-1.17313100
4.18628700,-1.35380100
4.19140700,-1.35380100
4.19652700,-1.35380100
4.20164700,-1.35380100
4.20676700,-1.17313100
4.21188700,-0.99246190
4.21700700,-0.81118200
4.22212700,-0.44923250
4.22724700,-0.26856290
4.23236700,0.09338664
4.23748700,0.27405620
4.24260700,0.45472580
4.24772700,0.81606500
4.25284700,0.81606500
4.25796700,0.99734490
4.26308700,1.17801500
4.26820700,0.99734490
4.27332700,1.17801500
4.27844700,0.99734490
4.28356700,0.81606500
4.28868700,0.81606500
4.29380700,0.45472580
4.29892700,0.27405620
4.30404700,0.09338664
4.30916700,-0.08789331
4.31428700,-0.26856290
4.31940700,-0.44923250
4.32452700,-0.63051240
4.32964700,-0.63051240
4.33476700,-0.81118200
4.33988700,-0.63051240
4.34500700,-0.81118200
4.35012700,-0.81118200
4.35524700,-0.81118200
4.36036700,-0.63051240
4.36548700,-0.63051240
4.37060700,-0.44923250
4.37572700,-0.26856290
4.38084700,-0.26856290
4.38596700,-0.08789331
4.39108700,0.09338664
4.39620700,0.27405620
4.40132700,0.45472580
4.40644700,0.63539530
4.41156700,0.63539530
4.41668700,0.81606500
4.42180700,0.81606500
4.42692700,0.81606500
4.43204700,0.81606500
4.43716700,0.81606500
4.44228700,0.81606500
4.44740700,0.63539530
4.45252700,0.45472580
4.45764700,0.45472580
4.46276700,0.09338664
4.46788700,0.09338664
4.47300700,-0.08789331
4.47812700,-0.26856290
4.48324700,-0.44923250
4.48836700,-0.63051240
4.49348700,-0.63051240
4.49860700,-0.99246190
4.50372700,-0.99246190
4.50884700,-0.99246190
4.51396700,-0.99246190
4.51908700,-0.99246190
4.52420700,-0.63051240
4.52932700,-0.63051240
4.53444700,-0.44923250
4.53956700,-0.08789331
4.54468700,0.09338664
4.54980700,0.45472580
4.55492700,0.63539530
4.56004700,0.81606500
4.56516700,0.99734490
4.57028700,1.17801500
4.57540700,1.17801500
4.58052700,1.17801500
4.58564700,1.17801500
4.59076700,0.99734490
4.59588700,0.99734490
4.60100700,0.81606500
4.60612700,0.45472580
4.61124700,0.27405620
4.61636700,0.09338664
4.62148700,-0.26856290
4.62660700,-0.63051240
4.63172700,-0.81118200
4.63684700,-1.17313100
4.64196700,-1.17313100
4.64708700,-1.35380100
4.65220700,-1.35380100
4.65732700,-1.17313100
4.66244700,-1.17313100
4.66756700,-0.99246190
4.67268700,-0.63051240
4.67780700,-0.44923250
4.68292700,-0.08789331
4.68804700,0.09338664
4.69316700,0.45472580
4.69828700,0.81606500
4.70340700,0.99734490
4.70852700,1.17801500
4.71364700,1.35868400
4.71876700,1.35868400
4.72388700,1.35868400
4.72900700,1.17801500
4.73412700,1.17801500
4.73924700,0.99734490
4.74436700,0.81606500
4.74948700,0.45472580
4.75460700,0.09338664
4.75972700,-0.26856290
4.76484700,-0.44923250
4.76996700,-0.63051240
4.77508700,-0.99246190
4.78020700,-1.17313100
4.78532700,-1.35380100
4.79044700,-1.35380100
4.79556700,-1.17313100
4.80068700,-1.17313100
4.80580700,-0.99246190
4.81092700,-0.81118200
4.81604700,-0.44923250
4.82116700,-0.26856290
4.82628700,0.09338664
4.83140700,0.27405620
4.83652700,0.63539530
4.84164700,0.81606500
4.84676700,0.99734490
4.85188700,1.17801500
4.85700700,1.17801500
4.86212700,1.17801500
4.86724700,1.17801500
4.87236700,0.99734490
4.87748700,0.81606500
4.88260700,0.81606500
4.88772700,0.45472580
4.89284700,0.27405620
4.89796700,0.09338664
4.90308700,-0.26856290
4.90820700,-0.44923250
4.91332700,-0.63051240
4.91844700,-0.81118200
4.92356700,-0.99246190
4.92868700,-0.99246190
4.93380700,-0.99246190
4.93892700,-0.99246190
4.94404700,-0.81118200
4.94916700,-0.63051240
4.95428700,-0.44923250
4.95940700,-0.44923250
4.96452700,-0.08789331
4.96964700,0.09338664
4.97476700,0.09338664
4.97988700,0.45472580
4.98500700,0.63539530
4.99012700,0.63539530
4.99524700,0.81606500
5.00036700,0.81606500
5.00548700,0.81606500
5.01060700,0.81606500
5.01572700,0.81606500
5.02084700,0.63539530
5.02596700,0.45472580
5.03108700,0.45472580
5.03620700,0.27405620
5.04132700,0.09338664
5.04644700,-0.08789331
5.05156700,-0.26856290
5.05668700,-0.26856290
5.06180700,-0.44923250
5.06692700,-0.44923250
5.07204700,-0.63051240
5.07716700,-0.63051240
5.08228700,-0.63051240
5.08740700,-0.63051240
5.09252700,-0.63051240
5.09764700,-0.63051240
5.10276700,-0.44923250
5.10788700,-0.26856290
5.11300700,-0.26856290
5.11812700,-0.08789331
5.12324700,-0.08789331
5.12836700,0.09338664
5.13348700,0.27405620
5.13860700,0.45472580
5.14372700,0.45472580
5.14884700,0.45472580
5.15396700,0.63539530
5.15908700,0.63539530
5.16420700,0.63539530
5.16932700,0.63539530
5.17444700,0.63539530
5.17956700,0.45472580
5.18468700,0.45472580
5.18980700,0.27405620
5.19492700,0.27405620
5.20004700,0.09338664
5.20516700,-0.08789331
5.21028700,-0.08789331
5.21540700,-0.26856290
5.22052700,-0.44923250
5.22564700,-0.44923250
5.23076700,-0.63051240
5.23588700,-0.63051240
5.24100700,-0.63051240
5.24612700,-0.63051240
5.25124700,-0.63051240
5.25636700,-0.44923250
5.26148700,-0.44923250
5.26660700,-0.26856290
5.27172700,-0.08789331
5.27684700,-0.08789331
5.28196700,0.09338664
5.28708700,0.27405620
5.29220700,0.45472580
5.29732700,0.63539530
5.30244700,0.63539530
5.30756700,0.81606500
5.31268700,0.81606500
5.31780700,0.81606500
5.32292700,0.81606500
5.32804700,0.81606500
5.33316700,0.63539530
5.33828700,0.45472580
5.34340700,0.27405620
5.34852700,0.09338664
5.35364699,-0.08789331
5.35876699,-0.26856290
5.36388699,-0.44923250
5.36900699,-0.63051240
5.37412699,-0.63051240
5.37924699,-0.81118200
5.38436699,-0.99246190
5.38948699,-0.99246190
5.39460699,-0.81118200
5.39972699,-0.63051240
5.40484699,-0.63051240
5.40996699,-0.44923250
5.41508699,-0.26856290
5.42020699,-0.08789331
5.42532699,0.09338664
5.43044699,0.45472580
5.43556699,0.63539530
5.44068699,0.81606500
5.44580699,0.81606500
5.45092699,0.81606500
5.45604699,0.81606500
5.46116699,0.99734490
5.46628699,0.81606500
5.47140699,0.81606500
5.47652699,0.63539530
5.48164699,0.45472580
5.48676699,0.27405620
5.49188699,0.09338664
5.49700699,-0.08789331
5.50212699,-0.44923250
5.50724699,-0.44923250
5.51236699,-0.63051240
5.51748699,-0.81118200
5.52260699,-0.81118200
5.52772699,-0.99246190
5.53284699,-0.81118200
5.53796699,-0.63051240
5.54308699,-0.63051240
5.54820699,-0.63051240
5.55332699,-0.26856290
5.55844699,-0.08789331
5.56356699,0.09338664
5.56868699,0.27405620
5.57380699,0.45472580
5.57892699,0.63539530
5.58404699,0.81606500
5.58916699,0.81606500
5.59428699,0.81606500
5.59940699,0.81606500
5.60452699,0.81606500
5.60964699,0.81606500
5.61476699,0.63539530
5.61988699,0.45472580
5.62500699,0.27405620
5.63012699,0.09338664
5.63524699,-0.08789331
5.64036699,-0.26856290
5.64548699,-0.26856290
5.65060699,-0.44923250
5.65572699,-0.63051240
5.66084699,-0.63051240
5.66596699,-0.63051240
5.67108699,-0.63051240
5.67620699,-0.63051240
5.68132699,-0.63051240
5.68644699,-0.44923250
5.69156699,-0.44923250
5.69668699,-0.26856290
5.70180699,-0.08789331
5.70692699,0.09338664
5.71204699,0.09338664
5.71716699,0.27405620
5.72228699,0.45472580
5.72740699,0.45472580
5.73252699,0.63539530
5.73764699,0.63539530
5.74276699,0.63539530
5.74788699,0.45472580
5.75300699,0.63539530
5.75812699,0.45472580
5.76324699,0.27405620
5.76836699,0.27405620
5.77348699,0.27405620
5.77860699,0.09338664
5.78372699,-0.08789331
5.78884699,-0.26856290
5.79396699,-0.26856290
5.79908699,-0.26856290
5.80420699,-0.26856290
5.80932699,-0.44923250
5.81444699,-0.44923250
5.81956699,-0.44923250
5.82468699,-0.44923250
5.82980699,-0.44923250
5.83492699,-0.44923250
5.84004699,-0.26856290
5.84516699,-0.26856290
5.85028699,-0.08789331
5.85540699,-0.08789331
5.86052699,0.09338664
5.86564699,0.09338664
5.87076699,0.27405620
5.87588699,0.27405620
5.88100699,0.45472580
5.88612699,0.45472580
5.89124699,0.45472580
5.89636699,0.45472580
5.90148699,0.45472580
5.90660699,0.45472580
5.91172699,0.45472580
5.91684699,0.45472580
5.92196699,0.27405620
5.92708699,0.27405620
5.93220699,0.09338664
5.93732699,0.09338664
5.94244699,-0.08789331
5.94756699,-0.08789331
5.95268699,-0.26856290
5.95780699,-0.26856290
5.96292699,-0.44923250
5.96804699,-0.44923250
5.97316699,-0.44923250
5.97828699,-0.44923250
5.98340699,-0.44923250
5.98852699,-0.44923250
5.99364699,-0.26856290
5.99876699,-0.26856290
6.00388699,-0.26856290
6.00900699,-0.08789331
6.01412699,0.09338664
6.01924699,0.09338664
6.02436699,0.27405620
6.02948699,0.45472580
6.03460699,0.45472580
6.03972699,0.63539530
6.04484699,0.45472580
6.04996699,0.63539530
6.05508699,0.63539530
6.06020699,0.45472580
6.06532699,0.45472580
6.07044699,0.45472580
6.07556699,0.27405620
6.08068699,0.09338664
6.08580699,-0.08789331
6.09092699,-0.08789331
6.09604699,-0.26856290
6.10116699,-0.26856290
6.10628699,-0.44923250
6.11140699,-0.63051240
6.11652699,-0.63051240
6.12164699,-0.63051240
6.12676699,-0.63051240
6.13188699,-0.44923250
6.13700699,-0.44923250
6.14212699,-0.44923250
6.14724699,-0.08789331
6.15236699,-0.08789331
6.15748699,0.09338664
6.16260699,0.09338664
6.16772699,0.27405620
6.17284699,0.45472580
6.17796699,0.63539530
6.18308699,0.63539530
6.18820699,0.63539530
6.19332699,0.63539530
6.19844699,0.63539530
6.20356699,0.63539530
6.20868699,0.45472580
6.21380699,0.45472580
6.21892699,0.27405620
6.22404699,0.09338664
6.22916699,-0.08789331
6.23428699,-0.08789331
6.23940699,-0.26856290
6.24452699,-0.44923250
6.24964699,-0.44923250
6.25476699,-0.44923250
6.25988699,-0.63051240
6.26500699,-0.63051240
6.27012699,-0.63051240
6.27524699,-0.44923250
6.28036699,-0.44923250
6.28548699,-0.26856290
6.29060699,-0.26856290
6.29572699,-0.08789331
6.30084699,0.09338664
6.30596699,0.27405620
6.31108699,0.27405620
6.31620699,0.45472580
6.32132699,0.45472580
6.32644699,0.63539530
6.33156699,0.63539530
6.33668699,0.63539530
6.34180699,0.45472580
6.34692699,0.45472580
6.35204699,0.45472580
6.35716699,0.27405620
6.36228699,0.27405620
6.36740699,0.09338664
6.37252699,0.09338664
6.37764699,-0.26856290
6.38276699,-0.26856290
6.38788699,-0.44923250
6.39300699,-0.44923250
6.39812699,-0.44923250
6.40324699,-0.63051240
6.40836699,-0.44923250
6.41348699,-0.44923250
6.41860699,-0.26856290
6.42372699,-0.44923250
6.42884699,-0.26856290
6.43396699,-0.26856290
6.43908699,-0.08789331
6.44420699,0.09338664
6.44932699,0.09338664
6.45444699,0.27405620
6.45956699,0.27405620
6.46468699,0.45472580
6.46980699,0.45472580
6.47492699,0.45472580
6.48004699,0.45472580
6.48516699,0.45472580
6.49028699,0.45472580
6.49540699,0.45472580
6.50052699,0.27405620
6.50564699,0.27405620
6.51076699,0.09338664
6.51588699,0.09338664
6.52100699,-0.08789331
6.52612699,-0.08789331
6.53124699,-0.26856290
6.53636699,-0.26856290
6.54148699,-0.26856290
6.54660699,-0.26856290
6.55172699,-0.26856290
6.55684699,-0.26856290
6.56196699,-0.26856290
6.56708699,-0.26856290
6.57220699,-0.26856290
6.57732699,-0.26856290
6.58244699,-0.26856290
6.58756699,-0.08789331
6.59268699,-0.08789331
6.59780699,0.09338664
6.60292699,0.09338664
6.60804699,0.09338664
6.61316699,0.27405620
6.61828699,0.27405620
6.62340699,0.27405620
6.62852699,0.27405620
6.63364699,0.27405620
6.63876699,0.27405620
6.64388699,0.27405620
6.64900699,0.27405620
6.65412699,0.27405620
6.65924699,0.27405620
6.66436699,0.09338664
6.66948699,0.09338664
6.67460699,-0.08789331
6.67972699,-0.08789331
6.68484699,-0.26856290
6.68996699,-0.26856290
6.69508699,-0.26856290
6.70020699,-0.26856290
6.70532699,-0.26856290
6.71044699,-0.26856290
6.71556699,-0.44923250
6.72068699,-0.26856290
6.72580699,-0.26856290
6.73092699,-0.26856290
6.73604699,-0.26856290
6.74116699,-0.08789331
6.74628699,-0.08789331
6.75140699,0.09338664
6.75652699,0.09338664
6.76164699,0.09338664
6.76676699,0.27405620
6.77188699,0.45472580
6.77700699,0.45472580
6.78212699,0.45472580
6.78724699,0.45472580
6.79236699,0.45472580
6.79748699,0.45472580
6.80260699,0.27405620
6.80772699,0.27405620
6.81284699,0.27405620
6.81796699,0.09338664
6.82308699,0.09338664
6.82820699,-0.08789331
6.83332699,-0.26856290
6.83844699,-0.26856290
6.84356699,-0.26856290
6.84868699,-0.44923250
6.85380699,-0.44923250
6.85892699,-0.44923250
6.86404699,-0.44923250
6.86916699,-0.26856290
6.87428699,-0.26856290
6.87940699,-0.26856290
6.88452699,-0.08789331
6.88964699,-0.08789331
6.89476699,0.09338664
6.89988699,0.09338664
6.90500699,0.27405620
6.91012699,0.27405620
6.91524699,0.45472580
6.92036699,0.45472580
6.92548699,0.45472580
6.93060699,0.45472580
6.93572699,0.45472580
6.94084699,0.45472580
6.94596699,0.45472580
6.95108699,0.27405620
6.95620699,0.27405620
6.96132699,0.09338664
6.96644699,-0.08789331
6.97156699,-0.08789331
6.97668699,-0.26856290
6.98180699,-0.26856290
6.98692699,-0.26856290
6.99204699,-0.26856290
6.99716699,-0.44923250
7.00228698,-0.44923250
7.00740698,-0.44923250
7.01252698,-0.26856290
7.01764698,-0.26856290
7.02276698,-0.26856290
7.02788698,-0.26856290
7.03300698,-0.08789331
7.03812698,0.09338664
7.04324698,0.09338664
7.04836698,0.27405620
7.05348698,0.27405620
7.05860698,0.45472580
7.06372698,0.45472580
7.06884698,0.45472580
7.07396698,0.45472580
7.07908698,0.45472580
7.08420698,0.45472580
7.08932698,0.27405620
7.09444698,0.27405620
7.09956698,0.09338664
7.10468698,0.09338664
7.10980698,-0.08789331
7.11492698,-0.08789331
7.12004698,-0.08789331
7.12516698,-0.26856290
7.13028698,-0.26856290
7.13540698,-0.26856290
7.14052698,-0.26856290
7.14564698,-0.44923250
7.15076698,-0.26856290
7.15588698,-0.26856290
7.16100698,-0.26856290
7.16612698,-0.26856290
7.17124698,-0.08789331
7.17636698,-0.08789331
7.18148698,0.09338664
7.18660698,0.09338664
7.19172698,0.27405620
7.19684698,0.27405620
7.20196698,0.27405620
7.20708698,0.27405620
7.21220698,0.27405620
7.21732698,0.27405620
7.22244698,0.27405620
7.22756698,0.27405620
7.23268698,0.27405620
7.23780698,0.27405620
7.24292698,0.09338664
7.24804698,0.09338664
7.25316698,0.09338664
7.25828698,-0.08789331
7.26340698,-0.08789331
7.26852698,-0.08789331
7.27364698,-0.08789331
7.27876698,-0.26856290
7.28388698,-0.26856290
7.28900698,-0.26856290
7.29412698,-0.26856290
7.29924698,-0.26856290
7.30436698,-0.26856290
7.30948698,-0.26856290
7.31460698,-0.08789331
7.31972698,-0.08789331
7.32484698,-0.08789331
7.32996698,0.09338664
7.33508698,0.09338664
7.34020698,0.09338664
7.34532698,0.09338664
7.35044698,0.27405620
7.35556698,0.27405620
7.36068698,0.27405620
7.36580698,0.27405620
7.37092698,0.27405620
7.37604698,0.27405620
7.38116698,0.27405620
7.38628698,0.27405620
7.39140698,0.09338664
7.39652698,0.09338664
7.40164698,0.09338664
7.40676698,-0.08789331
7.41188698,0.09338664
7.41700698,-0.08789331
7.42212698,-0.08789331
7.42724698,-0.26856290
7.43236698,-0.08789331
7.43748698,-0.26856290
7.44260698,-0.26856290
7.44772698,-0.26856290
7.45284698,-0.26856290
7.45796698,-0.08789331
7.46308698,-0.08789331
7.46820698,-0.08789331
7.47332698,-0.08789331
7.47844698,-0.08789331
7.48356698,0.09338664
7.48868698,0.09338664
7.49380698,0.09338664
7.49892698,0.09338664
7.50404698,0.27405620
7.50916698,0.27405620
7.51428698,0.27405620
7.51940698,0.27405620
7.52452698,0.27405620
7.52964698,0.27405620
7.53476698,0.27405620
7.53988698,0.27405620
7.54500698,0.09338664
7.55012698,0.09338664
7.55524698,-0.08789331
7.56036698,-0.08789331
7.56548698,-0.08789331
7.57060698,-0.08789331
7.57572698,-0.26856290
7.58084698,-0.26856290
7.58596698,-0.26856290
7.59108698,-0.26856290
7.59620698,-0.26856290
7.60132698,-0.26856290
7.60644698,-0.26856290
7.61156698,-0.26856290
7.61668698,-0.08789331
7.62180698,-0.08789331
7.62692698,0.09338664
7.63204698,0.09338664
7.63716698,0.09338664
7.64228698,0.27405620
7.64740698,0.27405620
7.65252698,0.27405620
7.65764698,0.45472580
7.66276698,0.27405620
7.66788698,0.45472580
7.67300698,0.27405620
7.67812698,0.27405620
7.68324698,0.27405620
7.68836698,0.09338664
7.69348698,0.09338664
7.69860698,0.09338664
7.70372698,-0.08789331
7.70884698,-0.08789331
7.71396698,-0.08789331
7.71908698,-0.26856290
7.72420698,-0.26856290
7.72932698,-0.26856290
7.73444698,-0.26856290
7.73956698,-0.26856290
7.74468698,-0.26856290
7.74980698,-0.26856290
7.75492698,-0.08789331
7.76004698,-0.08789331
7.76516698,-0.08789331
7.77028698,-0.08789331
7.77540698,0.09338664
7.78052698,0.09338664
7.78564698,0.09338664
7.79076698,0.27405620
7.79588698,0.27405620
7.80100698,0.27405620
7.80612698,0.27405620
7.81124698,0.27405620
7.81636698,0.27405620
7.82148698,0.27405620
7.82660698,0.09338664
7.83172698,0.09338664
7.83684698,0.09338664
7.84196698,0.09338664
7.84708698,-0.08789331
7.85220698,-0.08789331
7.85732698,-0.08789331
7.86244698,-0.08789331
7.86756698,-0.08789331
7.87268698,-0.26856290
7.87780698,-0.26856290
7.88292698,-0.26856290
7.88804698,-0.26856290
7.89316698,-0.26856290
7.89828698,-0.26856290
7.90340698,-0.08789331
7.90852698,-0.08789331
7.91364698,-0.08789331
7.91876698,0.09338664
7.92388698,0.09338664
7.92900698,0.09338664
7.93412698,0.09338664
7.93924698,0.27405620
7.94436698,0.27405620
7.94948698,0.27405620
7.95460698,0.27405620
7.95972698,0.27405620
7.96484698,0.09338664
7.96996698,0.09338664
7.97508698,0.09338664
7.98020698,0.09338664
7.98532698,0.09338664
7.99044698,0.09338664
7.99556698,0.09338664
8.00068698,-0.08789331
8.00580698,-0.08789331
8.01092698,-0.08789331
8.01604698,-0.08789331
8.02116698,-0.08789331
8.02628698,-0.08789331
8.03140698,-0.08789331
8.03652698,-0.08789331
8.04164698,-0.08789331
8.04676698,-0.08789331
8.05188698,-0.08789331
8.05700698,-0.08789331
8.06212698,-0.08789331
8.06724698,0.09338664
8.07236698,0.09338664
8.07748698,0.09338664
8.08260698,0.09338664
8.08772698,0.09338664
8.09284698,0.09338664
8.09796698,0.09338664
8.10308698,0.09338664
8.10820698,0.27405620
8.11332698,0.09338664
8.11844698,0.09338664
8.12356698,0.09338664
8.12868698,0.09338664
8.13380698,0.09338664
8.13892698,0.09338664
8.14404698,0.09338664
8.14916698,-0.08789331
8.15428698,-0.08789331
8.15940698,-0.08789331
8.16452698,-0.08789331
8.16964698,-0.08789331
8.17476698,-0.08789331
8.17988698,-0.08789331
8.18500698,-0.26856290
8.19012698,-0.08789331
8.19524698,-0.08789331
8.20036698,-0.08789331
8.20548698,-0.08789331
8.21060698,-0.08789331
8.21572698,0.09338664
8.22084698,0.09338664
8.22596698,0.09338664
8.23108698,0.09338664
8.23620698,0.09338664
8.24132698,0.09338664
8.24644698,0.27405620
8.25156698,0.27405620
8.25668698,0.27405620
8.26180698,0.09338664
8.26692698,0.27405620
8.27204698,0.09338664
8.27716698,0.09338664
8.28228698,0.09338664
8.28740698,0.09338664
8.29252698,0.09338664
8.29764698,0.09338664
8.30276698,-0.08789331
8.30788698,-0.08789331
8.31300698,-0.08789331
8.31812698,-0.26856290
8.32324698,-0.08789331
8.32836698,-0.26856290
8.33348698,-0.26856290
8.33860698,-0.08789331
8.34372698,-0.08789331
8.34884698,-0.08789331
8.35396698,-0.08789331
8.35908698,-0.08789331
8.36420698,0.09338664
8.36932698,0.09338664
8.37444698,0.09338664
8.37956698,0.09338664
8.38468698,0.09338664
8.38980698,0.27405620
8.39492698,0.27405620
8.40004698,0.27405620
8.40516698,0.27405620
8.41028698,0.09338664
8.41540698,0.27405620
8.42052698,0.09338664
8.42564698,0.09338664
8.43076698,0.09338664
8.43588698,0.09338664
8.44100698,-0.08789331
8.44612698,-0.08789331
8.45124698,-0.08789331
8.45636698,-0.08789331
8.46148698,-0.08789331
8.46660698,-0.26856290
8.47172698,-0.08789331
8.47684698,-0.08789331
8.48196698,-0.26856290
8.48708698,-0.08789331
8.49220698,-0.08789331
8.49732698,-0.08789331
8.50244698,-0.08789331
8.50756698,-0.08789331
8.51268698,0.09338664
8.51780698,0.09338664
8.52292698,0.09338664
8.52804698,0.27405620
8.53316698,0.27405620
8.53828698,0.27405620
8.54340698,0.27405620
8.54852698,0.27405620
8.55364698,0.09338664
8.55876698,0.09338664
8.56388698,0.09338664
8.56900698,0.09338664
8.57412698,0.09338664
8.57924698,0.09338664
8.58436698,-0.08789331
8.58948698,-0.08789331
8.59460698,-0.08789331
8.59972698,-0.08789331
8.60484698,-0.08789331
8.60996698,-0.08789331
8.61508698,-0.08789331
8.62020698,-0.08789331
8.62532698,-0.08789331
8.63044698,-0.08789331
8.63556698,-0.08789331
8.64068698,-0.08789331
8.64580697,0.09338664
8.65092697,0.09338664
8.65604697,0.09338664
8.66116697,0.09338664
8.66628697,0.09338664
8.67140697,0.09338664
8.67652697,0.27405620
8.68164697,0.27405620
8.68676697,0.09338664
8.69188697,0.09338664
8.69700697,0.09338664
8.70212697,0.09338664
8.70724697,0.09338664
8.71236697,0.09338664
8.71748697,0.09338664
8.72260697,0.09338664
8.72772697,0.09338664
8.73284697,-0.08789331
8.73796697,-0.08789331
8.74308697,-0.08789331
8.74820697,-0.08789331
8.75332697,-0.08789331
8.75844697,-0.08789331
8.76356697,-0.08789331
8.76868697,-0.08789331
8.77380697,-0.08789331
8.77892697,-0.08789331
8.78404697,-0.08789331
8.78916697,-0.08789331
8.79428697,-0.08789331
8.79940697,-0.08789331
8.80452697,0.09338664
8.80964697,0.09338664
8.81476697,0.09338664
8.81988697,0.09338664
8.82500697,0.09338664
8.83012697,0.09338664
8.83524697,0.09338664
8.84036697,0.09338664
8.84548697,0.09338664
8.85060697,0.09338664
8.85572697,0.09338664
8.86084697,0.09338664
8.86596697,0.09338664
8.87108697,0.09338664
8.87620697,0.09338664
8.88132697,0.09338664
8.88644697,-0.08789331
8.89156697,-0.08789331
8.89668697,-0.08789331
8.90180697,-0.08789331
8.90692697,-0.08789331
8.91204697,-0.08789331
8.91716697,-0.08789331
8.92228697,-0.08789331
8.92740697,-0.08789331
8.93252697,-0.08789331
8.93764697,-0.08789331
8.94276697,-0.08789331
8.94788697,-0.08789331
8.95300697,0.09338664
8.95812697,0.09338664
8.96324697,0.09338664
8.96836697,0.09338664
8.97348697,0.09338664
8.97860697,0.09338664
8.98372697,0.09338664
8.98884697,0.09338664
8.99396697,0.09338664
8.99908697,0.09338664
9.00420697,0.09338664
9.00932697,0.09338664
9.01444697,0.09338664
9.01956697,0.09338664
9.02468697,0.09338664
9.02980697,0.09338664
9.03492697,-0.08789331
9.04004697,-0.08789331
9.04516697,-0.08789331
9.05028697,-0.08789331
9.05540697,-0.08789331
9.06052697,-0.08789331
9.06564697,-0.08789331
9.07076697,-0.08789331
9.07588697,-0.08789331
9.08100697,-0.08789331
9.08612697,-0.08789331
9.09124697,-0.08789331
9.09636697,0.09338664
9.10148697,0.09338664
9.10660697,0.09338664
9.11172697,0.09338664
9.11684697,0.09338664
9.12196697,0.09338664
9.12708697,0.09338664
9.13220697,0.27405620
9.13732697,0.09338664
9.14244697,0.09338664
9.14756697,0.09338664
9.15268697,0.09338664
9.15780697,0.09338664
9.16292697,0.09338664
9.16804697,0.09338664
9.17316697,0.09338664
9.17828697,-0.08789331
9.18340697,-0.08789331
9.18852697,-0.08789331
9.19364697,-0.08789331
9.19876697,-0.08789331
9.20388697,-0.08789331
9.20900697,-0.08789331
9.21412697,-0.08789331
9.21924697,-0.08789331
9.22436697,-0.08789331
9.22948697,-0.08789331
9.23460697,-0.08789331
9.23972697,-0.08789331
9.24484697,0.09338664
9.24996697,0.09338664
9.25508697,0.09338664
9.26020697,0.09338664
9.26532697,0.09338664
9.27044697,0.09338664
9.27556697,0.27405620
9.28068697,0.09338664
9.28580697,0.09338664
9.29092697,0.09338664
9.29604697,0.09338664
9.30116697,0.09338664
9.30628697,0.09338664
9.31140697,0.09338664
9.31652697,-0.08789331
9.32164697,-0.08789331
9.32676697,-0.08789331
9.33188697,-0.08789331
9.33700697,-0.08789331
9.34212697,-0.08789331
9.34724697,-0.08789331
9.35236697,-0.08789331
9.35748697,-0.08789331
9.36260697,-0.08789331
9.36772697,-0.08789331
9.37284697,-0.08789331
9.37796697,0.09338664
9.38308697,0.09338664
9.38820697,-0.08789331
9.39332697,0.09338664
9.39844697,0.09338664
9.40356697,0.09338664
9.40868697,0.09338664
9.41380697,0.09338664
9.41892697,0.09338664
9.42404697,0.09338664
9.42916697,0.09338664
9.43428697,0.09338664
9.43940697,0.09338664
9.44452697,0.09338664
9.44964697,0.09338664
9.45476697,0.09338664
9.45988697,0.09338664
9.46500697,0.09338664
9.47012697,-0.08789331
9.47524697,-0.08789331
9.48036697,-0.08789331
9.48548697,-0.08789331
9.49060697,-0.08789331
9.49572697,-0.08789331
9.50084697,-0.08789331
9.50596697,-0.08789331
9.51108697,-0.08789331
9.51620697,0.09338664
9.52132697,-0.08789331
9.52644697,-0.08789331
9.53156697,-0.08789331
9.53668697,0.09338664
9.54180697,0.09338664
9.54692697,0.09338664
9.55204697,0.09338664
9.55716697,0.09338664
9.56228697,0.09338664
9.56740697,0.09338664
9.57252697,0.09338664
9.57764697,0.09338664
9.58276697,0.09338664
9.58788697,0.09338664
9.59300697,0.09338664
9.59812697,0.09338664
9.60324697,0.09338664
9.60836697,0.09338664
9.61348697,0.09338664
9.61860697,0.09338664
9.62372697,-0.08789331
9.62884697,-0.08789331
9.63396697,-0.08789331
9.63908697,-0.08789331
9.64420697,-0.08789331
9.64932697,-0.08789331
9.65444697,-0.08789331
9.65956697,-0.08789331
9.66468697,-0.08789331
9.66980697,-0.08789331
9.67492697,-0.08789331
9.68004697,-0.08789331
9.68516697,0.09338664
9.69028697,0.09338664
9.69540697,0.09338664
9.70052697,0.09338664
9.70564697,0.09338664
9.71076697,0.09338664
9.71588697,0.09338664
9.72100697,0.09338664
9.72612697,0.09338664
9.73124697,0.09338664
9.73636697,0.09338664
9.74148697,0.09338664
9.74660697,0.09338664
9.75172697,0.09338664
9.75684697,0.09338664
9.76196697,0.09338664
9.76708697,0.09338664
9.77220697,0.09338664
9.77732697,-0.08789331
9.78244697,-0.08789331
9.78756697,-0.08789331
9.79268697,-0.08789331
9.79780697,-0.08789331
9.80292697,-0.08789331
9.80804697,-0.08789331
9.81316697,-0.08789331
9.81828697,-0.08789331
9.82340697,-0.08789331
9.82852697,0.09338664
9.83364697,-0.08789331
9.83876697,0.09338664
9.84388697,-0.08789331
9.84900697,0.09338664
9.85412697,0.09338664
9.85924697,0.09338664
9.86436697,0.09338664
9.86948697,0.09338664
9.87460697,0.09338664
9.87972697,0.09338664
9.88484697,0.09338664
9.88996697,0.09338664
9.89508697,0.09338664
9.90020697,0.09338664
9.90532697,0.09338664
9.91044697,0.09338664
9.91556697,-0.08789331
9.92068697,-0.08789331
9.92580697,-0.08789331
9.93092697,-0.08789331
9.93604697,-0.08789331
9.94116697,-0.08789331
9.94628697,0.09338664
9.95140697,-0.08789331
9.95652697,-0.08789331
9.96164697,-0.08789331
9.96676697,-0.08789331
9.97188697,0.09338664
9.97700697,-0.08789331
9.98212697,0.09338664
9.98724697,0.09338664
9.99236697,0.09338664
9.99748697,0.09338664
10.00260697,0.09338664
10.00772697,0.09338664
10.01284697,0.09338664
10.01796697,0.09338664
10.02308697,0.09338664
10.02820697,0.09338664
10.03332697,0.09338664
10.03844697,0.09338664
10.04356697,0.09338664
10.04868697,0.09338664
10.05380697,0.09338664
10.05892697,0.09338664
10.06404697,-0.08789331
10.06916697,0.09338664
10.07428697,-0.08789331
10.07940697,-0.08789331
10.08452697,-0.08789331
10.08964697,-0.08789331
10.09476697,-0.08789331
10.09988697,-0.08789331
10.10500697,-0.08789331
10.11012697,-0.08789331
10.11524697,-0.08789331
10.12036697,0.09338664
10.12548697,-0.08789331
10.13060697,0.09338664
10.13572697,0.09338664
10.14084697,0.09338664
10.14596697,0.09338664
10.15108697,0.09338664
10.15620697,0.09338664
10.16132697,0.09338664
10.16644697,0.09338664
10.17156697,0.09338664
10.17668697,0.09338664
10.18180697,0.09338664
10.18692697,0.09338664
10.19204697,0.09338664
10.19716697,0.09338664
10.20228697,0.09338664
10.20740697,-0.08789331
10.21252697,-0.08789331
10.21764697,-0.08789331
10.22276697,-0.08789331
10.22788697,0.09338664
10.23300697,-0.08789331
10.23812697,0.09338664
10.24324697,-0.08789331
10.24836697,-0.08789331
10.25348697,-0.08789331
10.25860697,-0.08789331
10.26372697,0.09338664
10.26884697,-0.08789331
10.27396697,-0.08789331
10.27908697,0.09338664
10.28420697,0.09338664
10.28932696,0.09338664
10.29444696,0.09338664
10.29956696,0.09338664
10.30468696,0.09338664
10.30980696,0.09338664
10.31492696,0.09338664
10.32004696,0.09338664
10.32516696,0.09338664
10.33028696,0.09338664
10.33540696,0.09338664
10.34052696,0.09338664
10.34564696,0.09338664
10.35076696,0.09338664
10.35588696,0.09338664
10.36100696,-0.08789331
10.36612696,-0.08789331
10.37124696,-0.08789331
10.37636696,-0.08789331
10.38148696,-0.08789331
10.38660696,-0.08789331
10.39172696,-0.08789331
10.39684696,-0.08789331
10.40196696,-0.08789331
10.40708696,-0.08789331
10.41220696,0.09338664
10.41732696,0.09338664
10.42244696,0.09338664
10.42756696,0.09338664
10.43268696,0.09338664
10.43780696,0.09338664
10.44292696,0.09338664
10.44804696,0.09338664
10.45316696,0.09338664
10.45828696,0.09338664
10.46340696,0.09338664
10.46852696,0.09338664
10.47364696,0.09338664
10.47876696,0.09338664
10.48388696,0.09338664
10.48900696,0.09338664
10.49412696,0.09338664
10.49924696,0.09338664
10.50436696,0.09338664
10.50948696,-0.08789331
10.51460696,0.09338664
10.51972696,0.09338664
10.52484696,-0.08789331
10.52996696,-0.08789331
10.53508696,-0.08789331
10.54020696,-0.08789331
10.54532696,-0.08789331
10.55044696,-0.08789331
10.55556696,-0.08789331
10.56068696,0.09338664
10.56580696,0.09338664
10.57092696,-0.08789331
10.57604696,0.09338664
10.58116696,0.09338664
10.58628696,0.09338664
10.59140696,0.09338664
10.59652696,0.09338664
10.60164696,0.09338664
10.60676696,0.09338664
10.61188696,0.09338664
10.61700696,0.09338664
10.62212696,0.09338664
10.62724696,0.09338664
10.63236696,0.09338664
10.63748696,0.09338664
10.64260696,0.09338664
10.64772696,0.09338664
10.65284696,0.09338664
10.65796696,0.09338664
10.66308696,0.09338664
10.66820696,-0.08789331
10.67332696,-0.08789331
10.67844696,-0.08789331
10.68356696,-0.08789331
10.68868696,-0.08789331
10.69380696,-0.08789331
10.69892696,0.09338664
10.70404696,-0.08789331
10.70916696,0.09338664
10.71428696,0.09338664
10.71940696,0.09338664
10.72452696,0.09338664
10.72964696,0.09338664
10.73476696,0.09338664
10.73988696,0.09338664
10.74500696,0.09338664
10.75012696,0.09338664
10.75524696,0.09338664
10.76036696,0.09338664
10.76548696,0.09338664
10.77060696,0.09338664
10.77572696,0.09338664
10.78084696,0.09338664
10.78596696,0.09338664
10.79108696,-0.08789331
10.79620696,0.09338664
10.80132696,0.09338664
10.80644696,-0.08789331
10.81156696,0.09338664
10.81668696,-0.08789331
10.82180696,-0.08789331
10.82692696,-0.08789331
10.83204696,-0.08789331
10.83716696,-0.08789331
10.84228696,-0.08789331
10.84740696,-0.08789331
10.85252696,-0.08789331
10.85764696,-0.08789331
10.86276696,0.09338664
10.86788696,0.09338664
10.87300696,0.09338664
10.87812696,0.09338664
10.88324696,0.09338664
10.88836696,0.09338664
10.89348696,0.09338664
10.89860696,0.09338664
10.90372696,0.09338664
10.90884696,0.09338664
10.91396696,0.09338664
10.91908696,0.09338664
10.92420696,0.09338664
10.92932696,0.09338664
10.93444696,0.09338664
10.93956696,0.09338664
10.94468696,0.09338664
10.94980696,-0.08789331
10.95492696,-0.08789331
10.96004696,-0.08789331
10.96516696,-0.08789331
10.97028696,-0.08789331
10.97540696,-0.08789331
10.98052696,-0.08789331
10.98564696,-0.08789331
10.99076696,-0.08789331
10.99588696,0.09338664
11.00100696,-0.08789331
11.00612696,0.09338664
11.01124696,0.09338664
11.01636696,0.09338664
11.02148696,0.09338664
11.02660696,0.09338664
11.03172696,0.09338664
11.03684696,0.09338664
11.04196696,0.09338664
11.04708696,0.09338664
11.05220696,0.09338664
11.05732696,0.09338664
11.06244696,0.09338664
11.06756696,0.09338664
11.07268696,0.09338664
11.07780696,0.09338664
11.08292696,0.09338664
11.08804696,0.09338664
11.09316696,-0.08789331
11.09828696,0.09338664
11.10340696,0.09338664
11.10852696,-0.08789331
11.11364696,0.09338664
11.11876696,-0.08789331
11.12388696,-0.08789331
11.12900696,-0.08789331
11.13412696,-0.08789331
11.13924696,-0.08789331
11.14436696,-0.08789331
11.14948696,-0.08789331
11.15460696,0.09338664
11.15972696,0.09338664
11.16484696,0.09338664
11.16996696,0.09338664
11.17508696,0.09338664
11.18020696,0.09338664
11.18532696,0.09338664
11.19044696,0.09338664
11.19556696,0.09338664
11.20068696,0.09338664
11.20580696,0.09338664
11.21092696,0.09338664
11.21604696,0.09338664
11.22116696,0.09338664
11.22628696,0.09338664
11.23140696,0.09338664
11.23652696,-0.08789331
11.24164696,0.09338664
11.24676696,-0.08789331
11.25188696,-0.08789331
11.25700696,-0.08789331
11.26212696,-0.08789331
11.26724696,-0.08789331
11.27236696,0.09338664
11.27748696,-0.08789331
11.28260696,-0.08789331
11.28772696,-0.08789331
11.29284696,-0.08789331
11.29796696,-0.08789331
11.30308696,0.09338664
11.30820696,0.09338664
11.31332696,0.09338664
11.31844696,-0.08789331
11.32356696,0.09338664
11.32868696,0.09338664
11.33380696,0.09338664
11.33892696,0.09338664
11.34404696,0.09338664
11.34916696,0.09338664
11.35428696,0.09338664
11.35940696,0.09338664
11.36452696,0.09338664
11.36964696,0.09338664
11.37476696,0.09338664
11.37988696,0.09338664
11.38500696,0.09338664
11.39012696,-0.08789331
11.39524696,-0.08789331
11.40036696,-0.08789331
11.40548696,-0.08789331
11.41060696,-0.08789331
11.41572696,-0.08789331
11.42084696,-0.08789331
11.42596696,-0.08789331
11.43108696,0.09338664
11.43620696,-0.08789331
11.44132696,0.09338664
11.44644696,-0.08789331
11.45156696,0.09338664
11.45668696,0.09338664
11.46180696,0.09338664
11.46692696,0.09338664
11.47204696,0.09338664
11.47716696,0.09338664
11.48228696,0.09338664
11.48740696,0.09338664
11.49252696,0.09338664
11.49764696,0.09338664
11.50276696,0.09338664
11.50788696,0.09338664
11.51300696,0.09338664
11.51812696,0.09338664
11.52324696,0.09338664
11.52836696,0.09338664
11.53348696,0.09338664
11.53860696,-0.08789331
11.54372696,-0.08789331
11.54884696,-0.08789331
11.55396696,-0.08789331
11.55908696,-0.08789331
11.56420696,-0.08789331
11.56932696,-0.08789331
11.57444696,0.09338664
11.57956696,-0.08789331
11.58468696,0.09338664
11.58980696,0.09338664
11.59492696,0.09338664
11.60004696,0.09338664
11.60516696,0.09338664
11.61028696,0.09338664
11.61540696,0.09338664
11.62052696,0.09338664
11.62564696,0.09338664
11.63076696,0.09338664
11.63588696,0.09338664
11.64100696,0.09338664
11.64612696,0.09338664
11.65124696,0.09338664
11.65636696,0.09338664
11.66148696,-0.08789331
11.66660696,0.09338664
11.67172696,0.09338664
11.67684696,0.09338664
11.68196696,0.09338664
11.68708696,0.09338664
11.69220696,-0.08789331
11.69732696,0.09338664
11.70244696,-0.08789331
11.70756696,-0.08789331
11.71268696,-0.08789331
11.71780696,-0.08789331
11.72292696,-0.08789331
11.72804696,-0.08789331
11.73316696,-0.08789331
11.73828696,-0.08789331
11.74340696,0.09338664
11.74852696,0.09338664
11.75364696,0.09338664
11.75876696,0.09338664
11.76388696,0.09338664
11.76900696,-0.08789331
11.77412696,0.09338664
11.77924696,0.09338664
11.78436696,0.09338664
11.78948696,0.09338664
11.79460696,0.09338664
11.79972696,0.09338664
11.80484696,0.09338664
11.80996696,0.09338664
11.81508696,-0.08789331
11.82020696,0.09338664
11.82532696,0.09338664
11.83044696,0.09338664
11.83556696,0.09338664
11.84068696,0.09338664
11.84580696,0.09338664
11.85092696,0.09338664
11.85604696,0.09338664
11.86116696,-0.08789331
11.86628696,-0.08789331
11.87140696,-0.08789331
11.87652696,-0.08789331
11.88164696,0.09338664
11.88676696,-0.08789331
11.89188696,0.09338664
11.89700696,0.09338664
11.90212696,0.09338664
11.90724696,0.09338664
11.91236696,0.09338664
11.91748696,0.09338664
11.92260696,0.09338664
11.92772696,0.09338664
11.93284696,0.09338664
11.93796695,0.09338664
11.94308695,0.09338664
11.94820695,0.09338664
11.95332695,0.09338664
11.95844695,0.09338664
11.96356695,0.09338664
11.96868695,-0.08789331
11.97380695,0.09338664
11.97892695,0.09338664
11.98404695,-0.08789331
11.98916695,-0.08789331
11.99428695,0.09338664
11.99940695,0.09338664
12.00452695,-0.08789331
12.00964695,-0.08789331
12.01476695,-0.08789331
12.01988695,-0.08789331
12.02500695,-0.08789331
12.03012695,0.09338664
12.03524695,-0.08789331
12.04036695,-0.08789331
12.04548695,-0.08789331
12.05060695,0.09338664
12.05572695,0.09338664
12.06084695,0.09338664
12.06596695,0.09338664
12.07108695,0.09338664
12.07620695,0.09338664
12.08132695,0.09338664
12.08644695,0.09338664
12.09156695,0.09338664
12.09668695,0.09338664
12.10180695,-0.08789331
12.10692695,0.09338664
12.11204695,-0.08789331
12.11716695,-0.08789331
12.12228695,0.09338664
12.12740695,0.09338664
12.13252695,-0.08789331
12.13764695,-0.08789331
12.14276695,-0.08789331
12.14788695,-0.08789331
12.15300695,-0.08789331
12.15812695,0.09338664
12.16324695,-0.08789331
12.16836695,0.09338664
12.17348695,0.09338664
12.17860695,0.09338664
12.18372695,0.09338664
12.18884695,0.09338664
12.19396695,0.09338664
12.19908695,0.09338664
12.20420695,-0.08789331
12.20932695,0.09338664
12.21444695,0.09338664
12.21956695,0.09338664
12.22468695,0.09338664
12.22980695,0.09338664
12.23492695,0.09338664
12.24004695,0.09338664
12.24516695,0.09338664
12.25028695,0.09338664
12.25540695,0.09338664
12.26052695,-0.08789331
12.26564695,-0.08789331
12.27076695,0.09338664
12.27588695,-0.08789331
12.28100695,0.09338664
12.28612695,0.09338664
12.29124695,0.09338664
12.29636695,0.09338664
12.30148695,-0.08789331
12.30660695,-0.08789331
12.31172695,0.09338664
12.31684695,-0.08789331
12.32196695,0.09338664
12.32708695,0.09338664
12.33220695,-0.08789331
12.33732695,0.09338664
12.34244695,0.09338664
12.34756695,0.09338664
12.35268695,0.09338664
12.35780695,0.09338664
12.36292695,0.09338664
12.36804695,0.09338664
12.37316695,0.09338664
12.37828695,0.09338664
12.38340695,0.09338664
12.38852695,0.09338664
12.39364695,-0.08789331
12.39876695,0.09338664
12.40388695,0.09338664
12.40900695,0.09338664
12.41412695,0.09338664
12.41924695,0.09338664
12.42436695,0.09338664
12.42948695,-0.08789331
12.43460695,-0.08789331
12.43972695,-0.08789331
12.44484695,-0.08789331
12.44996695,-0.08789331
12.45508695,0.09338664
12.46020695,0.09338664
12.46532695,-0.08789331
12.47044695,0.09338664
12.47556695,0.09338664
12.48068695,0.09338664
12.48580695,-0.08789331
12.49092695,0.09338664
12.49604695,0.09338664
12.50116695,0.09338664
12.50628695,0.09338664
12.51140695,0.09338664
12.51652695,0.09338664
12.52164695,0.09338664
12.52676695,0.09338664
12.53188695,0.09338664
12.53700695,0.09338664
12.54212695,0.09338664
12.54724695,0.09338664
12.55236695,0.09338664
12.55748695,0.09338664
12.56260695,0.09338664
12.56772695,0.09338664
12.57284695,-0.08789331
12.57796695,-0.08789331
12.58308695,0.09338664
12.58820695,0.09338664
12.59332695,-0.08789331
12.59844695,0.09338664
12.60356695,0.09338664
12.60868695,-0.08789331
12.61380695,0.09338664
12.61892695,0.09338664
12.62404695,0.09338664
12.62916695,0.09338664
12.63428695,0.09338664
12.63940695,0.09338664
12.64452695,0.09338664
12.64964695,0.09338664
12.65476695,0.09338664
12.65988695,0.09338664
12.66500695,0.09338664
12.67012695,0.09338664
12.67524695,0.09338664
12.68036695,0.09338664
12.68548695,0.09338664
12.69060695,0.09338664
12.69572695,0.09338664
12.70084695,0.09338664
12.70596695,0.09338664
12.71108695,0.09338664
12.71620695,0.09338664
12.72132695,0.09338664
12.72644695,-0.08789331
12.73156695,0.09338664
12.73668695,0.09338664
12.74180695,0.09338664
12.74692695,-0.08789331
12.75204695,0.09338664
12.75716695,0.09338664
12.76228695,-0.08789331
12.76740695,-0.08789331
12.77252695,0.09338664
12.77764695,0.09338664
12.78276695,-0.08789331
12.78788695,0.09338664
12.79300695,-0.08789331
12.79812695,-0.08789331
12.80324695,-0.08789331
12.80836695,0.09338664
12.81348695,0.09338664
12.81860695,0.09338664
12.82372695,0.09338664
12.82884695,-0.08789331
12.83396695,0.09338664
12.83908695,0.09338664
12.84420695,0.09338664
12.84932695,0.09338664
12.85444695,0.09338664
12.85956695,0.09338664
12.86468695,-0.08789331
12.86980695,-0.08789331
12.87492695,-0.08789331
12.88004695,-0.08789331
12.88516695,-0.08789331
12.89028695,-0.08789331
12.89540695,0.09338664
12.90052695,0.09338664
12.90564695,0.09338664
12.91076695,0.09338664
12.91588695,0.09338664
12.92100695,0.09338664
12.92612695,0.09338664
12.93124695,0.09338664
12.93636695,0.09338664
12.94148695,0.09338664
12.94660695,0.09338664
12.95172695,0.09338664
12.95684695,0.09338664
12.96196695,0.09338664
12.96708695,0.09338664
12.97220695,-0.08789331
12.97732695,0.09338664
12.98244695,0.09338664
12.98756695,0.09338664
12.99268695,0.09338664
12.99780695,0.09338664
13.00292695,-0.08789331
13.00804695,0.09338664
13.01316695,0.09338664
13.01828695,-0.08789331
13.02340695,0.09338664
13.02852695,-0.08789331
13.03364695,0.09338664
13.03876695,0.09338664
13.04388695,0.09338664
13.04900695,0.09338664
13.05412695,-0.08789331
13.05924695,-0.08789331
13.06436695,0.09338664
13.06948695,0.09338664
13.07460695,0.09338664
13.07972695,0.09338664
13.08484695,0.09338664
13.08996695,0.09338664
13.09508695,0.09338664
13.10020695,0.09338664
13.10532695,0.09338664
13.11044695,0.09338664
13.11556695,0.09338664
13.12068695,0.09338664
13.12580695,0.09338664
13.13092695,-0.08789331
13.13604695,-0.08789331
13.14116695,0.09338664
13.14628695,0.09338664
13.15140695,-0.08789331
13.15652695,0.09338664
13.16164695,-0.08789331
13.16676695,-0.08789331
13.17188695,0.09338664
13.17700695,0.09338664
13.18212695,0.09338664
13.18724695,0.09338664
13.19236695,0.09338664
13.19748695,0.09338664
13.20260695,0.09338664
13.20772695,0.09338664
13.21284695,-0.08789331
13.21796695,0.09338664
13.22308695,0.09338664
13.22820695,0.09338664
13.23332695,0.09338664
13.23844695,0.09338664
13.24356695,0.09338664
13.24868695,0.09338664
13.25380695,0.09338664
13.25892695,0.09338664
13.26404695,0.09338664
13.26916695,-0.08789331
13.27428695,0.09338664
13.27940695,0.09338664
13.28452695,-0.08789331
13.28964695,0.09338664
13.29476695,0.09338664
13.29988695,-0.08789331
13.30500695,0.09338664
13.31012695,-0.08789331
13.31524695,-0.08789331
13.32036695,0.09338664
13.32548695,0.09338664
13.33060695,-0.08789331
13.33572695,-0.08789331
13.34084695,0.09338664
13.34596695,0.09338664
13.35108695,0.09338664
13.35620695,0.09338664
13.36132695,0.09338664
13.36644695,0.09338664
13.37156695,0.09338664
13.37668695,0.09338664
13.38180695,0.09338664
13.38692695,0.09338664
13.39204695,0.09338664
13.39716695,0.09338664
13.40228695,0.09338664
13.40740695,0.09338664
13.41252695,0.09338664
13.41764695,0.09338664
13.42276695,0.09338664
13.42788695,-0.08789331
13.43300695,0.09338664
13.43812695,0.09338664
13.44324695,0.09338664
13.44836695,0.09338664
13.45348695,0.09338664
13.45860695,0.09338664
13.46372695,0.09338664
13.46884695,-0.08789331
13.47396695,0.09338664
13.47908695,0.09338664
13.48420695,-0.08789331
13.48932695,-0.08789331
13.49444695,0.09338664
13.49956695,0.09338664
13.50468695,0.09338664
13.50980695,0.09338664
13.51492695,0.09338664
13.52004695,0.09338664
13.52516695,0.09338664
13.53028695,0.09338664
13.53540695,0.09338664
13.54052695,0.09338664
13.54564695,0.09338664
13.55076695,0.09338664
13.55588695,0.09338664
13.56100695,0.09338664
13.56612695,0.09338664
13.57124695,0.09338664
13.57636695,0.09338664
13.58148694,0.09338664
13.58660694,0.09338664
13.59172694,-0.08789331
13.59684694,-0.08789331
13.60196694,0.09338664
13.60708694,0.09338664
13.61220694,0.09338664
13.61732694,0.09338664
13.62244694,0.09338664
13.62756694,0.09338664
13.63268694,0.09338664
13.63780694,0.09338664
13.64292694,0.09338664
13.64804694,-0.08789331
13.65316694,0.09338664
13.65828694,0.09338664
13.66340694,-0.08789331
13.66852694,0.09338664
13.67364694,0.09338664
13.67876694,0.09338664
13.68388694,0.09338664
13.68900694,0.09338664
13.69412694,0.09338664
13.69924694,0.09338664
13.70436694,0.09338664
13.70948694,0.09338664
13.71460694,0.09338664
13.71972694,0.09338664
13.72484694,-0.08789331
13.72996694,0.09338664
13.73508694,0.09338664
13.74020694,0.09338664
13.74532694,0.09338664
13.75044694,0.09338664
13.75556694,0.09338664
13.76068694,0.09338664
13.76580694,0.09338664
13.77092694,0.09338664
13.77604694,-0.08789331
13.78116694,-0.08789331
13.78628694,0.09338664
13.79140694,0.09338664
13.79652694,0.09338664
13.80164694,0.09338664
13.80676694,0.09338664
13.81188694,0.09338664
13.81700694,-0.08789331
13.82212694,0.09338664
13.82724694,0.09338664
13.83236694,0.09338664
13.83748694,0.09338664
13.84260694,0.09338664
13.84772694,0.09338664
13.85284694,0.09338664
13.85796694,0.09338664
13.86308694,0.09338664
13.86820694,0.09338664
13.87332694,-0.08789331
13.87844694,-0.08789331
13.88356694,0.09338664
13.88868694,0.09338664
13.89380694,0.09338664
13.89892694,0.09338664
13.90404694,0.09338664
13.90916694,0.09338664
13.91428694,-0.08789331
13.91940694,0.09338664
13.92452694,-0.08789331
13.92964694,0.09338664
13.93476694,0.09338664
13.93988694,0.09338664
13.94500694,-0.08789331
13.95012694,0.09338664
13.95524694,0.09338664
13.96036694,-0.08789331
13.96548694,0.09338664
13.97060694,0.09338664
13.97572694,-0.08789331
13.98084694,0.09338664
13.98596694,0.09338664
13.99108694,0.09338664
13.99620694,0.09338664
14.00132694,0.09338664
14.00644694,0.09338664
14.01156694,0.09338664
14.01668694,0.09338664
14.02180694,0.09338664
14.02692694,0.09338664
14.03204694,0.09338664
14.03716694,0.09338664
14.04228694,-0.08789331
14.04740694,0.09338664
14.05252694,-0.08789331
14.05764694,0.09338664
14.06276694,0.09338664
14.06788694,0.09338664
14.07300694,0.09338664
14.07812694,0.09338664
14.08324694,-0.08789331
14.08836694,-0.08789331
14.09348694,0.09338664
14.09860694,0.09338664
14.10372694,0.09338664
14.10884694,-0.08789331
14.11396694,0.09338664
14.11908694,0.09338664
14.12420694,0.09338664
14.12932694,0.09338664
14.13444694,0.09338664
14.13956694,0.09338664
14.14468694,0.09338664
14.14980694,0.09338664
14.15492694,0.09338664
14.16004694,0.09338664
14.16516694,0.09338664
14.17028694,-0.08789331
14.17540694,-0.08789331
14.18052694,0.09338664
14.18564694,0.09338664
14.19076694,0.09338664
14.19588694,0.09338664
14.20100694,0.09338664
14.20612694,0.09338664
14.21124694,0.09338664
14.21636694,0.09338664
14.22148694,0.09338664
14.22660694,-0.08789331
14.23172694,-0.08789331
14.23684694,0.09338664
14.24196694,0.09338664
14.24708694,-0.08789331
14.25220694,0.09338664
14.25732694,0.09338664
14.26244694,0.09338664
14.26756694,0.09338664
14.27268694,0.09338664
14.27780694,0.09338664
14.28292694,0.09338664
14.28804694,0.09338664
14.29316694,0.09338664
14.29828694,0.09338664
14.30340694,0.09338664
14.30852694,0.09338664
14.31364694,-0.08789331
14.31876694,0.09338664
14.32388694,0.09338664
14.32900694,-0.08789331
14.33412694,0.09338664
14.33924694,-0.08789331
14.34436694,0.09338664
14.34948694,-0.08789331
14.35460694,0.09338664
14.35972694,-0.08789331
14.36484694,-0.08789331
14.36996694,-0.08789331
14.37508694,-0.08789331
14.38020694,0.09338664
14.38532694,0.09338664
14.39044694,0.09338664
14.39556694,0.09338664
14.40068694,0.09338664
14.40580694,-0.08789331
14.41092694,0.09338664
14.41604694,0.09338664
14.42116694,0.09338664
14.42628694,0.09338664
14.43140694,0.09338664
14.43652694,0.09338664
14.44164694,0.09338664
14.44676694,0.09338664
14.45188694,0.09338664
14.45700694,0.09338664
14.46212694,0.09338664
14.46724694,0.09338664
14.47236694,0.09338664
14.47748694,-0.08789331
14.48260694,0.09338664
14.48772694,-0.08789331
14.49284694,0.09338664
14.49796694,0.09338664
14.50308694,0.09338664
14.50820694,-0.08789331
14.51332694,-0.08789331
14.51844694,0.09338664
14.52356694,-0.08789331
14.52868694,0.09338664
14.53380694,0.09338664
14.53892694,-0.08789331
14.54404694,0.09338664
14.54916694,0.09338664
14.55428694,0.09338664
14.55940694,0.09338664
14.56452694,0.09338664
14.56964694,-0.08789331
14.57476694,0.09338664
14.57988694,0.09338664
14.58500694,0.09338664
14.59012694,0.09338664
14.59524694,-0.08789331
14.60036694,0.09338664
14.60548694,0.09338664
14.61060694,-0.08789331
14.61572694,0.09338664
14.62084694,-0.08789331
14.62596694,0.09338664
14.63108694,0.09338664
14.63620694,0.09338664
14.64132694,0.09338664
14.64644694,0.09338664
14.65156694,-0.08789331
14.65668694,0.09338664
14.66180694,0.09338664
14.66692694,0.09338664
14.67204694,0.09338664
14.67716694,-0.08789331
14.68228694,0.09338664
14.68740694,0.09338664
14.69252694,0.09338664
14.69764694,0.09338664
14.70276694,0.09338664
14.70788694,0.09338664
14.71300694,0.09338664
14.71812694,0.09338664
14.72324694,0.09338664
14.72836694,0.09338664
14.73348694,0.09338664
14.73860694,0.09338664
14.74372694,0.09338664
14.74884694,0.09338664
14.75396694,0.09338664
14.75908694,0.09338664
14.76420694,0.09338664
14.76932694,-0.08789331
14.77444694,0.09338664
14.77956694,0.09338664
14.78468694,-0.08789331
14.78980694,-0.08789331
14.79492694,0.09338664
14.80004694,-0.08789331
14.80516694,-0.08789331
14.81028694,0.09338664
14.81540694,0.09338664
14.82052694,0.09338664
14.82564694,0.09338664
14.83076694,0.09338664
14.83588694,0.09338664
14.84100694,0.09338664
14.84612694,0.09338664
14.85124694,-0.08789331
14.85636694,-0.08789331
14.86148694,0.09338664
14.86660694,0.09338664
14.87172694,-0.08789331
14.87684694,0.09338664
14.88196694,0.09338664
14.88708694,-0.08789331
14.89220694,0.09338664
14.89732694,0.09338664
14.90244694,0.09338664
14.90756694,0.09338664
14.91268694,0.09338664
14.91780694,-0.08789331
14.92292694,0.09338664
14.92804694,0.09338664
14.93316694,0.09338664
14.93828694,-0.08789331
14.94340694,-0.08789331
14.94852694,0.09338664
14.95364694,-0.08789331
14.95876694,0.09338664
14.96388694,-0.08789331
14.96900694,0.09338664
14.97412694,0.09338664
14.97924694,-0.08789331
14.98436694,0.09338664
14.98948694,0.09338664
14.99460694,0.09338664
14.99972694,0.09338664
15.00484694,0.09338664
15.00996694,0.09338664
15.01508694,0.09338664
15.02020694,0.09338664
15.02532694,0.09338664
15.03044694,0.09338664
15.03556694,0.09338664
15.04068694,0.09338664
15.04580694,-0.08789331
15.05092694,0.09338664
15.05604694,0.09338664
15.06116694,0.09338664
15.06628694,0.09338664
15.07140694,-0.08789331
15.07652694,-0.08789331
15.08164694,-0.08789331
15.08676694,0.09338664
15.09188694,0.09338664
15.09700694,0.09338664
15.10212694,0.09338664
15.10724694,0.09338664
15.11236694,-0.08789331
15.11748694,0.09338664
15.12260694,0.09338664
15.12772694,0.09338664
15.13284694,0.09338664
15.13796694,0.09338664
15.14308694,-0.08789331
15.14820694,-0.08789331
15.15332694,-0.08789331
15.15844694,0.09338664
15.16356694,0.09338664
15.16868694,0.09338664
15.17380694,0.09338664
15.17892694,0.09338664
15.18404694,0.09338664
15.18916694,0.09338664
15.19428694,-0.08789331
15.19940694,0.09338664
15.20452694,0.09338664
15.20964694,-0.08789331
15.21476694,0.09338664
15.21988694,0.09338664
15.22500693,-0.08789331
15.23012693,0.09338664
15.23524693,0.09338664
15.24036693,0.09338664
15.24548693,-0.08789331
15.25060693,0.09338664
15.25572693,0.09338664
15.26084693,0.09338664
15.26596693,0.09338664
15.27108693,0.09338664
15.27620693,-0.08789331
15.28132693,0.09338664
15.28644693,-0.08789331
15.29156693,0.09338664
15.29668693,-0.08789331
15.30180693,-0.08789331
15.30692693,0.09338664
15.31204693,0.09338664
15.31716693,0.09338664
15.32228693,0.09338664
15.32740693,0.09338664
15.33252693,0.09338664
15.33764693,0.09338664
15.34276693,0.09338664
15.34788693,0.09338664
15.35300693,0.09338664
15.35812693,0.09338664
15.36324693,-0.08789331
15.36836693,0.09338664
15.37348693,0.09338664
15.37860693,0.09338664
15.38372693,0.09338664
15.38884693,0.09338664
15.39396693,-0.08789331
15.39908693,0.09338664
15.40420693,0.09338664
15.40932693,0.09338664
15.41444693,-0.08789331
15.41956693,0.09338664
15.42468693,0.09338664
15.42980693,0.09338664
15.43492693,0.09338664
15.44004693,0.09338664
15.44516693,0.09338664
15.45028693,0.09338664
15.45540693,0.09338664
15.46052693,-0.08789331
15.46564693,0.09338664
15.47076693,0.09338664
15.47588693,0.09338664
15.48100693,0.09338664
15.48612693,-0.08789331
15.49124693,-0.08789331
15.49636693,0.09338664
15.50148693,0.09338664
15.50660693,0.09338664
15.51172693,0.09338664
15.51684693,0.09338664
15.52196693,0.09338664
15.52708693,0.09338664
15.53220693,0.09338664
15.53732693,-0.08789331
15.54244693,0.09338664
15.54756693,-0.08789331
15.55268693,0.09338664
15.55780693,0.09338664
15.56292693,-0.08789331
15.56804693,0.09338664
15.57316693,-0.08789331
15.57828693,0.09338664
15.58340693,-0.08789331
15.58852693,0.09338664
15.59364693,-0.08789331
15.59876693,0.09338664
15.60388693,0.09338664
15.60900693,0.09338664
15.61412693,0.09338664
15.61924693,0.09338664
15.62436693,0.09338664
15.62948693,0.09338664
15.63460693,0.09338664
15.63972693,-0.08789331
15.64484693,0.09338664
15.64996693,-0.08789331
15.65508693,0.09338664
15.66020693,0.09338664
15.66532693,-0.08789331
15.67044693,0.09338664
15.67556693,-0.08789331
15.68068693,0.09338664
15.68580693,-0.08789331
15.69092693,0.09338664
15.69604693,0.09338664
15.70116693,0.09338664
15.70628693,0.09338664
15.71140693,-0.08789331
15.71652693,0.09338664
15.72164693,-0.08789331
15.72676693,0.09338664
15.73188693,0.09338664
15.73700693,-0.08789331
15.74212693,0.09338664
15.74724693,0.09338664
15.75236693,0.09338664
15.75748693,0.09338664
15.76260693,-0.08789331
15.76772693,0.09338664
15.77284693,0.09338664
15.77796693,0.09338664
15.78308693,0.09338664
15.78820693,0.09338664
15.79332693,0.09338664
15.79844693,0.09338664
15.80356693,0.09338664
15.80868693,0.09338664
15.81380693,-0.08789331
15.81892693,0.09338664
15.82404693,0.09338664
15.82916693,0.09338664
15.83428693,0.09338664
15.83940693,-0.08789331
15.84452693,0.09338664
15.84964693,0.09338664
15.85476693,-0.08789331
15.85988693,0.09338664
15.86500693,0.09338664
15.87012693,0.09338664
15.87524693,-0.08789331
15.88036693,0.09338664
15.88548693,-0.08789331
15.89060693,0.09338664
15.89572693,0.09338664
15.90084693,0.09338664
15.90596693,-0.08789331
15.91108693,-0.08789331
15.91620693,0.09338664
15.92132693,0.09338664
15.92644693,0.09338664
15.93156693,-0.08789331
15.93668693,-0.08789331
15.94180693,0.09338664
15.94692693,0.09338664
15.95204693,0.09338664
15.95716693,0.09338664
15.96228693,0.09338664
15.96740693,0.09338664
15.97252693,0.09338664
15.97764693,0.09338664
15.98276693,0.09338664
15.98788693,0.09338664
15.99300693,0.09338664
15.99812693,-0.08789331
16.00324693,0.09338664
16.00836693,0.09338664
16.01348693,0.09338664
16.01860693,0.09338664
16.02372693,0.09338664
16.02884693,0.09338664
16.03396693,0.09338664
16.03908693,-0.08789331
16.04420693,-0.08789331
16.04932693,0.09338664
16.05444693,-0.08789331
16.05956693,0.09338664
16.06468693,-0.08789331
16.06980693,0.09338664
16.07492693,0.09338664
16.08004693,0.09338664
16.08516693,0.09338664
16.09028693,0.09338664
16.09540693,0.09338664
16.10052693,0.09338664
16.10564693,0.09338664
16.11076693,-0.08789331
16.11588693,0.09338664
16.12100693,0.09338664
16.12612693,0.09338664
16.13124693,0.09338664
16.13636693,0.09338664
16.14148693,0.09338664
16.14660693,0.09338664
16.15172693,0.09338664
16.15684693,0.09338664
16.16196693,-0.08789331
16.16708693,0.09338664
16.17220693,0.09338664
16.17732693,0.09338664
16.18244693,-0.08789331
16.18756693,-0.08789331
16.19268693,0.09338664
16.19780693,0.09338664
16.20292693,0.09338664
16.20804693,0.09338664
16.21316693,-0.08789331
16.21828693,0.09338664
16.22340693,0.09338664
16.22852693,-0.08789331
16.23364693,-0.08789331
16.23876693,0.09338664
16.24388693,0.09338664
16.24900693,-0.08789331
16.25412693,-0.08789331
16.25924693,0.09338664
16.26436693,0.09338664
16.26948693,0.09338664
16.27460693,-0.08789331
16.27972693,0.09338664
16.28484693,0.09338664
16.28996693,-0.08789331
16.29508693,0.09338664
16.30020693,0.09338664
16.30532693,0.09338664
16.31044693,0.09338664
16.31556693,0.09338664
16.32068693,-0.08789331
16.32580693,0.09338664
16.33092693,0.09338664
16.33604693,-0.08789331
16.34116693,-0.08789331
16.34628693,0.09338664
16.35140693,0.09338664
16.35652693,-0.08789331
16.36164693,0.09338664
16.36676693,0.09338664
16.37188693,0.09338664
16.37700693,0.09338664
16.38212693,-0.08789331
16.38724693,0.09338664
16.39236693,0.09338664
16.39748693,0.09338664
16.40260693,-0.08789331
16.40772693,0.09338664
16.41284693,0.09338664
16.41796693,0.09338664
16.42308693,0.09338664
16.42820693,0.09338664
16.43332693,0.09338664
16.43844693,-0.08789331
16.44356693,-0.08789331
16.44868693,-0.08789331
16.45380693,-0.08789331
16.45892693,0.09338664
16.46404693,0.09338664
16.46916693,0.09338664
16.47428693,-0.08789331
16.47940693,0.09338664
16.48452693,0.09338664
16.48964693,0.09338664
16.49476693,0.09338664
16.49988693,0.09338664
16.50500693,0.09338664
16.51012693,0.09338664
16.51524693,0.09338664
16.52036693,0.09338664
16.52548693,0.09338664
16.53060693,0.09338664
16.53572693,0.09338664
16.54084693,0.09338664
16.54596693,0.09338664
16.55108693,0.09338664
16.55620693,0.09338664
16.56132693,0.09338664
16.56644693,-0.08789331
16.57156693,0.09338664
16.57668693,0.09338664
16.58180693,0.09338664
16.58692693,0.09338664
16.59204693,0.09338664
16.59716693,0.09338664
16.60228693,-0.08789331
16.60740693,0.09338664
16.61252693,0.09338664
16.61764693,0.09338664
16.62276693,0.09338664
16.62788693,0.09338664
16.63300693,0.09338664
16.63812693,-0.08789331
16.64324693,0.09338664
16.64836693,0.09338664
16.65348693,0.09338664
16.65860693,0.09338664
16.66372693,0.09338664
16.66884693,-0.08789331
16.67396693,0.09338664
16.67908693,0.09338664
16.68420693,-0.08789331
16.68932693,0.09338664
16.69444693,0.09338664
16.69956693,0.09338664
16.70468693,0.09338664
16.70980693,0.09338664
16.71492693,0.09338664
16.72004693,-0.08789331
16.72516693,0.09338664
16.73028693,0.09338664
16.73540693,-0.08789331
16.74052693,0.09338664
16.74564693,0.09338664
16.75076693,0.09338664
16.75588693,0.09338664
16.76100693,0.09338664
16.76612693,-0.08789331
16.77124693,0.09338664
16.77636693,0.09338664
16.78148693,0.09338664
16.78660693,0.09338664
16.79172693,0.09338664
16.79684693,-0.08789331
16.80196693,0.09338664
16.80708693,0.09338664
16.81220693,0.09338664
16.81732693,0.09338664
16.82244693,-0.08789331
16.82756693,-0.08789331
16.83268693,0.09338664
16.83780693,0.09338664
16.84292693,0.09338664
16.84804693,0.09338664
16.85316693,-0.08789331
16.85828693,0.09338664
16.86340693,-0.08789331
16.86852693,0.09338664
16.87364692,-0.08789331
16.87876692,0.09338664
16.88388692,-0.08789331
16.88900692,0.09338664
16.89412692,0.09338664
16.89924692,0.09338664
16.90436692,-0.08789331
16.90948692,0.09338664
16.91460692,0.09338664
16.91972692,0.09338664
16.92484692,0.09338664
16.92996692,0.09338664
16.93508692,0.09338664
16.94020692,-0.08789331
16.94532692,0.09338664
16.95044692,0.09338664
16.95556692,0.09338664
16.96068692,0.09338664
16.96580692,0.09338664
16.97092692,0.09338664
16.97604692,-0.08789331
16.98116692,-0.08789331
16.98628692,0.09338664
16.99140692,0.09338664
16.99652692,-0.08789331
17.00164692,0.09338664
17.00676692,0.09338664
17.01188692,0.09338664
17.01700692,0.09338664
17.02212692,0.09338664
17.02724692,0.09338664
17.03236692,0.09338664
17.03748692,0.09338664
17.04260692,0.09338664
17.04772692,0.09338664
17.05284692,0.09338664
17.05796692,0.09338664
17.06308692,0.09338664
17.06820692,0.09338664
17.07332692,0.09338664
17.07844692,0.09338664
17.08356692,0.09338664
17.08868692,0.09338664
17.09380692,0.09338664
17.09892692,0.09338664
17.10404692,0.09338664
17.10916692,0.09338664
17.11428692,0.09338664
17.11940692,0.09338664
17.12452692,0.09338664
17.12964692,0.09338664
17.13476692,0.09338664
17.13988692,-0.08789331
17.14500692,0.09338664
17.15012692,0.09338664
17.15524692,0.09338664
17.16036692,-0.08789331
17.16548692,0.09338664
17.17060692,0.09338664
17.17572692,0.09338664
17.18084692,0.09338664
17.18596692,0.09338664
17.19108692,-0.08789331
17.19620692,0.09338664
17.20132692,0.09338664
17.20644692,0.09338664
17.21156692,0.09338664
17.21668692,0.09338664
17.22180692,-0.08789331
17.22692692,0.09338664
17.23204692,0.09338664
17.23716692,0.09338664
17.24228692,0.09338664
17.24740692,0.09338664
17.25252692,0.09338664
17.25764692,-0.08789331
17.26276692,0.09338664
17.26788692,-0.08789331
17.27300692,0.09338664
17.27812692,0.09338664
17.28324692,0.09338664
17.28836692,0.09338664
17.29348692,0.09338664
17.29860692,0.09338664
17.30372692,0.09338664
17.30884692,0.09338664
17.31396692,-0.08789331
17.31908692,0.09338664
17.32420692,0.09338664
17.32932692,0.09338664
17.33444692,0.09338664
17.33956692,0.09338664
17.34468692,0.09338664
17.34980692,0.09338664
17.35492692,0.09338664
17.36004692,0.09338664
17.36516692,0.09338664
17.37028692,0.09338664
17.37540692,0.09338664
17.38052692,0.09338664
17.38564692,-0.08789331
17.39076692,0.09338664
17.39588692,0.09338664
17.40100692,0.09338664
17.40612692,-0.08789331
17.41124692,0.09338664
17.41636692,0.09338664
17.42148692,0.09338664
17.42660692,0.09338664
17.43172692,0.09338664
17.43684692,0.09338664
17.44196692,0.09338664
17.44708692,-0.08789331
17.45220692,-0.08789331
17.45732692,0.09338664
17.46244692,-0.08789331
17.46756692,0.09338664
17.47268692,0.09338664
17.47780692,0.09338664
17.48292692,0.09338664
17.48804692,0.09338664
17.49316692,0.09338664
17.49828692,0.09338664
17.50340692,0.09338664
17.50852692,0.09338664
17.51364692,0.09338664
17.51876692,0.09338664
17.52388692,0.09338664
17.52900692,0.09338664
17.53412692,0.09338664
17.53924692,0.09338664
17.54436692,0.09338664
17.54948692,0.09338664
17.55460692,-0.08789331
17.55972692,0.09338664
17.56484692,0.09338664
17.56996692,0.09338664
17.57508692,-0.08789331
17.58020692,0.09338664
17.58532692,0.09338664
17.59044692,0.09338664
17.59556692,0.09338664
17.60068692,0.09338664
17.60580692,0.09338664
17.61092692,-0.08789331
17.61604692,0.09338664
17.62116692,0.09338664
17.62628692,0.09338664
17.63140692,0.09338664
17.63652692,0.09338664
17.64164692,0.09338664
17.64676692,0.09338664
17.65188692,-0.08789331
17.65700692,0.09338664
17.66212692,0.09338664
17.66724692,0.09338664
17.67236692,0.09338664
17.67748692,0.09338664
17.68260692,0.09338664
17.68772692,0.09338664
17.69284692,0.09338664
17.69796692,0.09338664
17.70308692,0.09338664
17.70820692,-0.08789331
17.71332692,0.09338664
17.71844692,0.09338664
17.72356692,0.09338664
17.72868692,0.09338664
17.73380692,0.09338664
17.73892692,0.09338664
17.74404692,0.09338664
17.74916692,0.09338664
17.75428692,0.09338664
17.75940692,0.09338664
17.76452692,0.09338664
17.76964692,0.09338664
17.77476692,0.09338664
17.77988692,-0.08789331
17.78500692,0.09338664
17.79012692,0.09338664
17.79524692,-0.08789331
17.80036692,0.09338664
17.80548692,0.09338664
17.81060692,0.09338664
17.81572692,0.09338664
17.82084692,0.09338664
17.82596692,-0.08789331
17.83108692,0.09338664
17.83620692,0.09338664
17.84132692,-0.08789331
17.84644692,-0.08789331
17.85156692,0.09338664
17.85668692,0.09338664
17.86180692,0.09338664
17.86692692,0.09338664
17.87204692,0.09338664
17.87716692,-0.08789331
17.88228692,0.09338664
17.88740692,0.09338664
17.89252692,0.09338664
17.89764692,0.09338664
17.90276692,0.09338664
17.90788692,0.09338664
17.91300692,0.09338664
17.91812692,0.09338664
17.92324692,0.09338664
17.92836692,0.09338664
17.93348692,-0.08789331
17.93860692,0.09338664
17.94372692,0.09338664
17.94884692,0.09338664
17.95396692,0.09338664
17.95908692,0.09338664
17.96420692,0.09338664
17.96932692,0.09338664
17.97444692,-0.08789331
17.97956692,0.09338664
17.98468692,0.09338664
17.98980692,0.09338664
17.99492692,0.09338664
18.00004692,0.09338664
18.00516692,0.09338664
18.01028692,0.09338664
18.01540692,0.09338664
